Time,Location,Magnitude,Depth,URL
2024-06-01 07:11:37.232,"Kermadec Islands, New Zealand",5.2,30.496,https://earthquake.usgs.gov/earthquakes/eventpage/us7000mpdr
2024-06-01 05:06:56.784,Kermadec Islands region,5.1,10.0,https://earthquake.usgs.gov/earthquakes/eventpage/us7000mpcc
2024-06-01 01:10:59.107,"7 km NW of Hualien City, Taiwan",5.2,25.304,https://earthquake.usgs.gov/earthquakes/eventpage/us7000mpaw
2024-05-31 23:54:40.923,Kermadec Islands region,6.2,16.0,https://earthquake.usgs.gov/earthquakes/eventpage/us7000mp9e
2024-05-31 23:46:09.810,Prince Edward Islands region,6.2,10.0,https://earthquake.usgs.gov/earthquakes/eventpage/us7000mp99
2024-05-31 23:44:11.792,southeast of the Loyalty Islands,5.0,10.0,https://earthquake.usgs.gov/earthquakes/eventpage/us7000mp9a
2024-05-31 16:35:01.812,South Sandwich Islands region,5.6,35.823,https://earthquake.usgs.gov/earthquakes/eventpage/us7000mp5r
2024-05-31 01:08:17.919,"148 km NNW of Kendari, Indonesia",5.0,10.0,https://earthquake.usgs.gov/earthquakes/eventpage/us7000mp1j
2024-05-30 07:40:04.865,"120 km WNW of Sola, Vanuatu",5.0,35.0,https://earthquake.usgs.gov/earthquakes/eventpage/us7000mnvu
2024-05-30 01:14:58.129,"210 km SE of Kushimoto, Japan",5.5,392.698,https://earthquake.usgs.gov/earthquakes/eventpage/us7000mnu8
2024-05-29 21:13:27.000,"29 km ESE of Mawlaik, Myanmar",5.4,97.552,https://earthquake.usgs.gov/earthquakes/eventpage/us7000mnrr
2024-05-29 06:02:37.989,"94 km NNE of Hihifo, Tonga",5.0,10.0,https://earthquake.usgs.gov/earthquakes/eventpage/us7000mnmx
2024-05-28 19:52:40.252,"93 km WNW of Sinabang, Indonesia",5.7,21.0,https://earthquake.usgs.gov/earthquakes/eventpage/us6000n1gi
2024-05-28 03:53:57.681,"241 km SSW of Boyolangu, Indonesia",5.0,10.0,https://earthquake.usgs.gov/earthquakes/eventpage/us6000n1bz
2024-05-27 11:07:11.247,"44 km N of Yongning, China",5.1,10.0,https://earthquake.usgs.gov/earthquakes/eventpage/us6000n177
2024-05-27 09:51:16.226,"82 km S of Panguna, Papua New Guinea",5.2,52.998,https://earthquake.usgs.gov/earthquakes/eventpage/us6000n16u
2024-05-27 08:47:30.659,"82 km SSW of Paratunka, Russia",5.2,125.315,https://earthquake.usgs.gov/earthquakes/eventpage/us6000n16q
2024-05-27 05:47:47.612,"130 km E of ‘Ohonua, Tonga",5.0,10.0,https://earthquake.usgs.gov/earthquakes/eventpage/us6000n15w
2024-05-27 04:47:12.057,"70 km NW of Fangale’ounga, Tonga",6.6,137.0,https://earthquake.usgs.gov/earthquakes/eventpage/us6000n158
2024-05-26 22:24:09.824,"130 km ESE of Antofagasta, Chile",5.1,99.994,https://earthquake.usgs.gov/earthquakes/eventpage/us6000n13x
2024-05-26 14:17:05.451,Pacific-Antarctic Ridge,5.3,10.0,https://earthquake.usgs.gov/earthquakes/eventpage/us6000n11x
2024-05-26 06:23:15.997,"83 km NW of Port-Vila, Vanuatu",6.3,22.0,https://earthquake.usgs.gov/earthquakes/eventpage/us6000n102
2024-05-25 16:08:58.450,"67 km E of Ust’-Kamchatsk Staryy, Russia",5.1,29.395,https://earthquake.usgs.gov/earthquakes/eventpage/us6000n0x8
2024-05-25 15:37:17.629,"117 km WNW of Ternate, Indonesia",5.0,11.972,https://earthquake.usgs.gov/earthquakes/eventpage/us6000n0x4
2024-05-25 10:49:43.242,northern Mid-Atlantic Ridge,5.1,10.0,https://earthquake.usgs.gov/earthquakes/eventpage/us6000n0w4
2024-05-24 23:51:29.453,"144 km NE of Kavieng, Papua New Guinea",5.0,10.0,https://earthquake.usgs.gov/earthquakes/eventpage/us6000n0s9
2024-05-24 13:13:49.751,"199 km SSE of Burica, Panama",5.1,10.0,https://earthquake.usgs.gov/earthquakes/eventpage/us6000n0mu
2024-05-24 01:07:30.637,"71 km SW of Gerāsh, Iran",5.1,8.617,https://earthquake.usgs.gov/earthquakes/eventpage/us6000n0iw
2024-05-23 19:27:02.721,Southwest Indian Ridge,5.6,10.0,https://earthquake.usgs.gov/earthquakes/eventpage/us6000n0ee
2024-05-23 18:49:59.715,Carlsberg Ridge,5.5,10.0,https://earthquake.usgs.gov/earthquakes/eventpage/us6000n0e7
2024-05-23 12:19:00.764,"37 km NNW of Finschhafen, Papua New Guinea",5.0,90.235,https://earthquake.usgs.gov/earthquakes/eventpage/us6000n0da
2024-05-22 23:44:58.156,"241 km SE of Hihifo, Tonga",5.1,10.0,https://earthquake.usgs.gov/earthquakes/eventpage/us6000n09y
2024-05-22 16:00:40.725,"28 km SE of Hualien City, Taiwan",5.2,10.0,https://earthquake.usgs.gov/earthquakes/eventpage/us6000n082
2024-05-22 13:49:12.684,"81 km ESE of Gorontalo, Indonesia",5.0,127.916,https://earthquake.usgs.gov/earthquakes/eventpage/us6000n07e
2024-05-22 13:34:19.975,"63 km W of Mosquera, Colombia",5.0,10.0,https://earthquake.usgs.gov/earthquakes/eventpage/us6000n077
2024-05-21 19:09:53.344,Pacific-Antarctic Ridge,5.3,10.0,https://earthquake.usgs.gov/earthquakes/eventpage/us6000n00r
2024-05-21 17:50:43.066,"199 km N of Sola, Vanuatu",5.4,248.263,https://earthquake.usgs.gov/earthquakes/eventpage/us6000n00g
2024-05-21 16:31:56.954,"261 km ESE of Biak, Indonesia",5.3,22.062,https://earthquake.usgs.gov/earthquakes/eventpage/us6000n004
2024-05-21 16:21:10.007,"72 km NE of Calama, Chile",5.0,106.413,https://earthquake.usgs.gov/earthquakes/eventpage/us6000n003
2024-05-21 11:35:59.152,"57 km NE of Lae, Papua New Guinea",5.7,57.0,https://earthquake.usgs.gov/earthquakes/eventpage/us6000mzyf
2024-05-21 10:43:10.935,"3 km S of Piñas, Ecuador",5.1,84.173,https://earthquake.usgs.gov/earthquakes/eventpage/us6000mzyb
2024-05-21 08:39:39.428,"Bonin Islands, Japan region",5.4,59.788,https://earthquake.usgs.gov/earthquakes/eventpage/us6000mzxt
2024-05-21 07:53:50.675,"5 km WSW of Azángaro, Peru",5.1,227.361,https://earthquake.usgs.gov/earthquakes/eventpage/us6000mzxl
2024-05-21 03:42:15.945,"81 km S of Dampit, Indonesia",5.0,88.44,https://earthquake.usgs.gov/earthquakes/eventpage/us6000mzw3
2024-05-20 13:10:23.334,"113 km NE of Kashgar, China",5.1,29.068,https://earthquake.usgs.gov/earthquakes/eventpage/us6000mzrr
2024-05-20 06:53:03.215,South Sandwich Islands region,5.0,36.265,https://earthquake.usgs.gov/earthquakes/eventpage/us6000mzqp
2024-05-20 02:30:04.343,"48 km NE of Lae, Papua New Guinea",5.3,64.474,https://earthquake.usgs.gov/earthquakes/eventpage/us6000mzps
2024-05-19 19:21:16.140,"159 km WSW of Nikolski, Alaska",5.0,36.247,https://earthquake.usgs.gov/earthquakes/eventpage/us6000mzmv
2024-05-19 17:39:41.881,"148 km SW of La Placita de Morelos, Mexico",5.2,10.0,https://earthquake.usgs.gov/earthquakes/eventpage/us6000mzmh
2024-05-19 17:35:24.660,"169 km SW of Nikolski, Alaska",6.0,28.0,https://earthquake.usgs.gov/earthquakes/eventpage/us6000mzme
2024-05-19 10:31:21.777,north of Svalbard,5.5,10.0,https://earthquake.usgs.gov/earthquakes/eventpage/us6000mzkf
2024-05-19 07:57:41.081,southern East Pacific Rise,5.9,10.0,https://earthquake.usgs.gov/earthquakes/eventpage/us6000mzjx
2024-05-18 22:04:43.532,"39 km N of Rabaul, Papua New Guinea",5.7,4.0,https://earthquake.usgs.gov/earthquakes/eventpage/us6000mzgb
2024-05-18 14:26:09.996,"267 km SSE of Tabiauan, Philippines",5.5,524.072,https://earthquake.usgs.gov/earthquakes/eventpage/us6000mze2
2024-05-18 11:06:55.445,South Indian Ocean,5.2,10.0,https://earthquake.usgs.gov/earthquakes/eventpage/us6000mzcu
2024-05-18 09:41:50.785,South Sandwich Islands region,5.0,47.108,https://earthquake.usgs.gov/earthquakes/eventpage/us6000mzcb
2024-05-18 04:58:26.824,"Kermadec Islands, New Zealand",5.8,191.0,https://earthquake.usgs.gov/earthquakes/eventpage/us6000mzau
2024-05-16 15:29:20.203,Fiji region,5.0,577.572,https://earthquake.usgs.gov/earthquakes/eventpage/us6000myx5
2024-05-16 14:31:36.942,"82 km WNW of Rabaul, Papua New Guinea",5.4,10.0,https://earthquake.usgs.gov/earthquakes/eventpage/us6000mywx
2024-05-16 13:13:54.223,"49 km WSW of Santiago, Peru",5.2,35.0,https://earthquake.usgs.gov/earthquakes/eventpage/us6000mywl
2024-05-16 11:48:01.274,"89 km SE of Finschhafen, Papua New Guinea",5.2,10.0,https://earthquake.usgs.gov/earthquakes/eventpage/us6000mywa
2024-05-16 06:14:19.887,southern Mid-Atlantic Ridge,5.3,10.0,https://earthquake.usgs.gov/earthquakes/eventpage/us6000myub
2024-05-16 04:38:37.785,Mid-Indian Ridge,5.2,10.0,https://earthquake.usgs.gov/earthquakes/eventpage/us6000mytv
2024-05-15 14:45:59.912,"61 km NW of Neiafu, Tonga",5.0,109.032,https://earthquake.usgs.gov/earthquakes/eventpage/us6000mypk
2024-05-15 09:41:04.229,Kermadec Islands region,5.1,71.129,https://earthquake.usgs.gov/earthquakes/eventpage/us6000myn1
2024-05-15 08:30:11.410,"92 km NNW of San Antonio, Puerto Rico",5.6,7.0,https://earthquake.usgs.gov/earthquakes/eventpage/pr2024136000
2024-05-15 01:15:48.751,"10 km S of Kimbe, Papua New Guinea",5.6,121.182,https://earthquake.usgs.gov/earthquakes/eventpage/us6000myk7
2024-05-15 00:42:54.251,Pacific-Antarctic Ridge,5.1,10.0,https://earthquake.usgs.gov/earthquakes/eventpage/us6000n02r
2024-05-14 23:43:51.877,Pacific-Antarctic Ridge,5.1,10.0,https://earthquake.usgs.gov/earthquakes/eventpage/us6000myjs
2024-05-14 23:09:28.296,Pacific-Antarctic Ridge,5.3,10.0,https://earthquake.usgs.gov/earthquakes/eventpage/us6000n02t
2024-05-14 23:07:59.923,Pacific-Antarctic Ridge,5.6,10.0,https://earthquake.usgs.gov/earthquakes/eventpage/us6000myih
2024-05-14 16:11:10.486,"15 km NNW of Gili Trawangan, Indonesia",5.3,22.776,https://earthquake.usgs.gov/earthquakes/eventpage/us6000mygm
2024-05-13 20:32:35.961,"112 km WNW of Kandrian, Papua New Guinea",5.2,173.22,https://earthquake.usgs.gov/earthquakes/eventpage/us6000my9b
2024-05-13 17:18:49.451,"79 km W of Constitución, Chile",5.2,10.0,https://earthquake.usgs.gov/earthquakes/eventpage/us6000my8g
2024-05-13 10:46:59.932,central East Pacific Rise,5.3,10.0,https://earthquake.usgs.gov/earthquakes/eventpage/us6000my7f
2024-05-13 08:28:13.427,"85 km NW of Modisi, Indonesia",5.3,274.091,https://earthquake.usgs.gov/earthquakes/eventpage/us6000my6q
2024-05-13 08:24:49.483,"115 km SSW of Lata, Solomon Islands",5.1,10.0,https://earthquake.usgs.gov/earthquakes/eventpage/us6000my6p
2024-05-13 02:43:22.490,Kermadec Islands region,5.8,40.0,https://earthquake.usgs.gov/earthquakes/eventpage/us6000my4x
2024-05-12 19:39:12.718,"28 km WSW of Brisas Barra de Suchiate, Mexico",6.4,61.91,https://earthquake.usgs.gov/earthquakes/eventpage/us6000my20
2024-05-12 11:26:20.091,"Kermadec Islands, New Zealand",5.4,50.745,https://earthquake.usgs.gov/earthquakes/eventpage/us6000mxzs
2024-05-12 02:27:04.310,"109 km ENE of Luganville, Vanuatu",5.1,10.0,https://earthquake.usgs.gov/earthquakes/eventpage/us6000mxys
2024-05-11 08:47:16.033,"107 km SE of Hiroo, Japan",5.0,11.196,https://earthquake.usgs.gov/earthquakes/eventpage/us6000mxw5
2024-05-10 19:48:41.811,"100 km SSW of Kokopo, Papua New Guinea",5.6,42.0,https://earthquake.usgs.gov/earthquakes/eventpage/us6000mxpy
2024-05-10 15:45:18.196,"38 km NE of Hualien City, Taiwan",5.8,11.296,https://earthquake.usgs.gov/earthquakes/eventpage/us6000mxpi
2024-05-09 11:08:47.801,"106 km ENE of Luganville, Vanuatu",5.0,10.0,https://earthquake.usgs.gov/earthquakes/eventpage/us6000mxcp
2024-05-08 19:51:39.375,"114 km ENE of Luganville, Vanuatu",5.2,10.0,https://earthquake.usgs.gov/earthquakes/eventpage/us6000mx7t
2024-05-08 19:06:20.114,"105 km ENE of Luganville, Vanuatu",5.4,10.0,https://earthquake.usgs.gov/earthquakes/eventpage/us6000mx7c
2024-05-08 18:00:58.595,"19 km SSW of Ollagüe, Chile",5.2,106.573,https://earthquake.usgs.gov/earthquakes/eventpage/us6000mx68
2024-05-08 16:17:15.894,"101 km ENE of Luganville, Vanuatu",6.1,19.175,https://earthquake.usgs.gov/earthquakes/eventpage/us6000mx5c
2024-05-08 07:28:24.730,West Chile Rise,5.0,10.0,https://earthquake.usgs.gov/earthquakes/eventpage/us6000mx3q
2024-05-07 22:34:58.484,east of the South Sandwich Islands,5.6,10.0,https://earthquake.usgs.gov/earthquakes/eventpage/us6000mwyt
2024-05-07 21:12:56.228,"25 km SSW of Maan, Philippines",5.0,50.41,https://earthquake.usgs.gov/earthquakes/eventpage/us6000mwy9
2024-05-07 16:03:03.382,"12 km E of Hernani, Philippines",5.0,68.686,https://earthquake.usgs.gov/earthquakes/eventpage/us6000mwwl
2024-05-07 15:55:57.549,South Sandwich Islands region,5.1,83.706,https://earthquake.usgs.gov/earthquakes/eventpage/us6000mwwk
2024-05-06 19:11:57.375,"201 km NNE of Egvekinot, Russia",5.3,9.293,https://earthquake.usgs.gov/earthquakes/eventpage/us6000mwnp
2024-05-06 17:52:45.587,"27 km S of Hualien City, Taiwan",5.2,28.949,https://earthquake.usgs.gov/earthquakes/eventpage/us6000mwnh
2024-05-06 17:45:30.649,"28 km S of Hualien City, Taiwan",5.6,23.605,https://earthquake.usgs.gov/earthquakes/eventpage/us6000mwnf
2024-05-06 14:30:30.333,"78 km WNW of Ollagüe, Chile",5.0,106.109,https://earthquake.usgs.gov/earthquakes/eventpage/us6000mwmw
2024-05-06 08:58:40.717,central East Pacific Rise,5.0,10.0,https://earthquake.usgs.gov/earthquakes/eventpage/us6000mya9
2024-05-06 04:37:11.921,"157 km WSW of Fakfak, Indonesia",5.5,10.0,https://earthquake.usgs.gov/earthquakes/eventpage/us6000mwkd
2024-05-06 02:33:11.021,"154 km WSW of Fakfak, Indonesia",6.1,16.0,https://earthquake.usgs.gov/earthquakes/eventpage/us6000mwjd
2024-05-06 01:12:55.540,central East Pacific Rise,5.4,10.0,https://earthquake.usgs.gov/earthquakes/eventpage/us6000mwij
2024-05-05 23:40:24.294,"96 km NNW of Lae, Papua New Guinea",5.1,123.323,https://earthquake.usgs.gov/earthquakes/eventpage/us6000mwhz
2024-05-05 22:34:18.913,South Sandwich Islands region,5.2,87.087,https://earthquake.usgs.gov/earthquakes/eventpage/us6000mwhq
2024-05-05 16:58:10.081,"97 km NNW of Finschhafen, Papua New Guinea",5.3,130.507,https://earthquake.usgs.gov/earthquakes/eventpage/us6000mxsc
2024-05-05 16:27:46.474,"187 km SE of Akutan, Alaska",5.2,10.0,https://earthquake.usgs.gov/earthquakes/eventpage/us6000mwfw
2024-05-05 15:13:40.018,"172 km WNW of Pangai, Tonga",5.7,10.0,https://earthquake.usgs.gov/earthquakes/eventpage/us6000mwfi
2024-05-05 14:15:37.730,"Kermadec Islands, New Zealand",5.2,209.376,https://earthquake.usgs.gov/earthquakes/eventpage/us6000mwfb
2024-05-05 13:44:24.286,"156 km NE of Fais, Micronesia",5.5,45.449,https://earthquake.usgs.gov/earthquakes/eventpage/us6000mwf5
2024-05-05 12:38:17.613,"11 km SE of Colquepata, Peru",5.0,10.0,https://earthquake.usgs.gov/earthquakes/eventpage/us6000mweu
2024-05-04 13:52:35.611,north of Ascension Island,5.4,10.0,https://earthquake.usgs.gov/earthquakes/eventpage/us6000mw9y
2024-05-04 11:17:41.382,"53 km NNE of Port-Olry, Vanuatu",5.2,158.584,https://earthquake.usgs.gov/earthquakes/eventpage/us6000mw9b
2024-05-04 06:47:38.829,"156 km WNW of Panguna, Papua New Guinea",5.1,150.623,https://earthquake.usgs.gov/earthquakes/eventpage/us6000mw86
2024-05-04 01:49:05.731,South Sandwich Islands region,5.1,10.0,https://earthquake.usgs.gov/earthquakes/eventpage/us6000mw61
2024-05-03 19:20:29.784,South Sandwich Islands region,5.1,122.674,https://earthquake.usgs.gov/earthquakes/eventpage/us6000mvz9
2024-05-03 18:16:23.573,"27 km SSW of Balangiga, Philippines",5.7,10.208,https://earthquake.usgs.gov/earthquakes/eventpage/us6000mvya
2024-05-03 11:03:29.140,"210 km WSW of Tofino, Canada",5.0,10.0,https://earthquake.usgs.gov/earthquakes/eventpage/us6000mvw9
2024-05-03 07:37:02.232,south of the Kermadec Islands,5.1,10.0,https://earthquake.usgs.gov/earthquakes/eventpage/us6000mvv8
2024-05-02 16:02:27.145,South Sandwich Islands region,5.2,10.0,https://earthquake.usgs.gov/earthquakes/eventpage/us6000mvnj
2024-05-02 15:10:51.400,"104 km SSW of Nikolski, Alaska",5.4,18.33,https://earthquake.usgs.gov/earthquakes/eventpage/us6000mvmq
2024-05-02 15:06:25.519,"111 km SSW of Nikolski, Alaska",5.3,12.901,https://earthquake.usgs.gov/earthquakes/eventpage/us6000mvmm
2024-05-02 15:01:47.605,"110 km SSW of Nikolski, Alaska",5.1,10.0,https://earthquake.usgs.gov/earthquakes/eventpage/us6000mvms
2024-05-02 14:58:00.553,"96 km SSW of Nikolski, Alaska",5.5,13.892,https://earthquake.usgs.gov/earthquakes/eventpage/us6000mvmi
2024-05-02 14:36:34.184,South Sandwich Islands region,5.2,27.298,https://earthquake.usgs.gov/earthquakes/eventpage/us6000mvmb
2024-05-02 13:53:52.974,South Sandwich Islands region,5.0,34.778,https://earthquake.usgs.gov/earthquakes/eventpage/us6000mvm5
2024-05-02 10:16:10.215,"28 km WNW of Chinchaypujio, Peru",5.1,10.0,https://earthquake.usgs.gov/earthquakes/eventpage/us6000mvky
2024-05-02 07:45:25.544,"107 km ESE of Kimbe, Papua New Guinea",5.8,29.0,https://earthquake.usgs.gov/earthquakes/eventpage/us6000mvk5
2024-05-01 15:12:54.271,South Shetland Islands,5.0,10.0,https://earthquake.usgs.gov/earthquakes/eventpage/us6000mvez
2024-05-01 09:24:50.530,"81 km WSW of Ollagüe, Chile",5.0,101.655,https://earthquake.usgs.gov/earthquakes/eventpage/us6000mvda
2024-05-01 01:51:10.531,"136 km NE of Crane, Barbados",5.1,9.635,https://earthquake.usgs.gov/earthquakes/eventpage/us6000mva0
2024-04-30 22:30:39.343,South Sandwich Islands region,5.5,11.0,https://earthquake.usgs.gov/earthquakes/eventpage/us6000mv76
2024-04-30 21:52:40.877,"151 km WNW of Tobelo, Indonesia",5.3,20.048,https://earthquake.usgs.gov/earthquakes/eventpage/us6000mv6r
2024-04-30 19:24:58.141,south of the Fiji Islands,5.4,511.078,https://earthquake.usgs.gov/earthquakes/eventpage/us6000mv68
2024-04-30 15:28:05.260,"103 km ESE of Pangai, Tonga",5.1,10.0,https://earthquake.usgs.gov/earthquakes/eventpage/us6000mv4n
2024-04-30 07:42:14.279,"5 km WNW of Francisco Villa, Mexico",5.1,131.492,https://earthquake.usgs.gov/earthquakes/eventpage/us6000mv2u
2024-04-29 21:33:38.920,Vanuatu region,5.2,10.0,https://earthquake.usgs.gov/earthquakes/eventpage/us6000muw0
2024-04-28 20:55:53.000,"156 km WSW of Houma, Tonga",5.2,172.014,https://earthquake.usgs.gov/earthquakes/eventpage/us6000mumi
2024-04-28 08:37:18.319,"30 km ENE of Massawa, Eritrea",5.0,10.0,https://earthquake.usgs.gov/earthquakes/eventpage/us6000muif
2024-04-28 00:29:50.643,"91 km S of Banjar, Indonesia",6.1,59.701,https://earthquake.usgs.gov/earthquakes/eventpage/us6000muc0
2024-04-27 16:35:34.207,"Bonin Islands, Japan region",6.5,496.0,https://earthquake.usgs.gov/earthquakes/eventpage/us6000mu8k
2024-04-27 16:04:24.902,Mid-Indian Ridge,5.1,10.0,https://earthquake.usgs.gov/earthquakes/eventpage/us6000mu8g
2024-04-27 09:44:21.447,Mid-Indian Ridge,5.3,10.0,https://earthquake.usgs.gov/earthquakes/eventpage/us6000mw5b
2024-04-27 09:43:45.495,Mid-Indian Ridge,5.3,10.0,https://earthquake.usgs.gov/earthquakes/eventpage/us6000mu6f
2024-04-27 07:23:13.281,Mid-Indian Ridge,5.3,10.0,https://earthquake.usgs.gov/earthquakes/eventpage/us6000mu5j
2024-04-27 06:23:36.979,Mid-Indian Ridge,5.8,10.0,https://earthquake.usgs.gov/earthquakes/eventpage/us6000mu57
2024-04-27 02:49:29.534,"29 km NNE of Hualien City, Taiwan",5.2,40.475,https://earthquake.usgs.gov/earthquakes/eventpage/us6000mu45
2024-04-27 02:21:23.639,"20 km NNE of Hualien City, Taiwan",5.7,37.767,https://earthquake.usgs.gov/earthquakes/eventpage/us6000mu3y
2024-04-27 00:25:41.085,"91 km SE of Honiara, Solomon Islands",5.1,35.0,https://earthquake.usgs.gov/earthquakes/eventpage/us6000mu3d
2024-04-26 21:43:16.503,"184 km S of Nusa Dua, Indonesia",5.0,10.0,https://earthquake.usgs.gov/earthquakes/eventpage/us6000mu0b
2024-04-26 10:56:31.420,South Sandwich Islands region,5.0,24.782,https://earthquake.usgs.gov/earthquakes/eventpage/us6000mtwd
2024-04-25 17:09:03.076,"141 km ESE of Saipan, Northern Mariana Islands",5.1,10.0,https://earthquake.usgs.gov/earthquakes/eventpage/us6000mtmz
2024-04-25 13:07:36.867,Kermadec Islands region,5.4,179.306,https://earthquake.usgs.gov/earthquakes/eventpage/us6000mtlr
2024-04-25 12:20:15.583,"62 km E of Kinablangan, Philippines",5.0,10.0,https://earthquake.usgs.gov/earthquakes/eventpage/us6000mtlh
2024-04-25 02:12:16.908,"67 km E of Hualien City, Taiwan",5.3,27.095,https://earthquake.usgs.gov/earthquakes/eventpage/us6000mvti
2024-04-25 02:11:56.126,"70 km E of Hualien City, Taiwan",5.1,35.376,https://earthquake.usgs.gov/earthquakes/eventpage/us6000mthz
2024-04-24 19:40:07.440,"5 km SSE of Funaishikawa, Japan",5.1,54.976,https://earthquake.usgs.gov/earthquakes/eventpage/us6000mtg4
2024-04-24 15:22:10.132,"Bonin Islands, Japan region",5.3,10.0,https://earthquake.usgs.gov/earthquakes/eventpage/us6000mtex
2024-04-24 13:53:32.652,"172 km NW of Fangale’ounga, Tonga",5.4,231.76,https://earthquake.usgs.gov/earthquakes/eventpage/us6000mten
2024-04-24 13:27:58.273,"Kermadec Islands, New Zealand",5.2,50.038,https://earthquake.usgs.gov/earthquakes/eventpage/us6000mtef
2024-04-24 09:23:53.688,southeast of the Loyalty Islands,5.4,8.0,https://earthquake.usgs.gov/earthquakes/eventpage/us6000mtc7
2024-04-24 09:20:42.573,"77 km SSW of Boca Chica, Panama",5.4,10.0,https://earthquake.usgs.gov/earthquakes/eventpage/us6000mtc6
2024-04-23 23:40:05.052,"136 km SSE of Lajes das Flores, Portugal",5.2,17.609,https://earthquake.usgs.gov/earthquakes/eventpage/us6000mt7i
2024-04-23 21:05:39.445,northern Mid-Atlantic Ridge,5.0,10.0,https://earthquake.usgs.gov/earthquakes/eventpage/us6000mt6v
2024-04-23 20:55:11.681,"75 km WSW of Basco, Philippines",5.3,22.369,https://earthquake.usgs.gov/earthquakes/eventpage/us6000mt6s
2024-04-23 20:00:10.673,"176 km NW of Sola, Vanuatu",5.0,56.231,https://earthquake.usgs.gov/earthquakes/eventpage/us6000mt6i
2024-04-23 15:59:13.265,"75 km NNE of Lae, Papua New Guinea",5.0,89.417,https://earthquake.usgs.gov/earthquakes/eventpage/us6000mt5f
2024-04-23 10:20:59.665,"17 km S of Hualien City, Taiwan",5.1,10.0,https://earthquake.usgs.gov/earthquakes/eventpage/us6000mt40
2024-04-23 08:11:02.519,"10 km S of Hualien City, Taiwan",5.0,16.257,https://earthquake.usgs.gov/earthquakes/eventpage/us6000mt3i
2024-04-23 08:04:05.246,"22 km SSE of Hualien City, Taiwan",5.8,12.0,https://earthquake.usgs.gov/earthquakes/eventpage/us6000mt3f
2024-04-23 05:31:38.398,"22 km SSE of Hualien City, Taiwan",5.4,8.991,https://earthquake.usgs.gov/earthquakes/eventpage/us6000mt22
2024-04-23 05:24:31.124,"31 km S of Hualien City, Taiwan",5.1,8.497,https://earthquake.usgs.gov/earthquakes/eventpage/us6000mt21
2024-04-23 05:19:35.721,"26 km S of Hualien City, Taiwan",5.3,9.426,https://earthquake.usgs.gov/earthquakes/eventpage/us6000mt1x
2024-04-23 05:04:21.907,"35 km S of Hualien City, Taiwan",5.4,5.83,https://earthquake.usgs.gov/earthquakes/eventpage/us6000mt1q
2024-04-23 04:49:57.856,"35 km S of Hualien City, Taiwan",5.5,17.0,https://earthquake.usgs.gov/earthquakes/eventpage/us6000mt1n
2024-04-23 04:03:06.819,"25 km SSE of Hualien City, Taiwan",5.2,8.839,https://earthquake.usgs.gov/earthquakes/eventpage/us6000mt1g
2024-04-23 03:19:53.318,"21 km SSE of Hualien City, Taiwan",5.0,8.683,https://earthquake.usgs.gov/earthquakes/eventpage/us6000mt18
2024-04-23 02:32:48.439,"13 km SSW of Hualien City, Taiwan",6.1,10.0,https://earthquake.usgs.gov/earthquakes/eventpage/us6000mt0s
2024-04-23 02:26:52.852,"29 km S of Hualien City, Taiwan",6.1,9.0,https://earthquake.usgs.gov/earthquakes/eventpage/us6000mt0r
2024-04-22 22:20:09.372,"28 km S of Hualien City, Taiwan",5.0,8.222,https://earthquake.usgs.gov/earthquakes/eventpage/us7000mdv0
2024-04-22 22:11:22.980,"27 km S of Hualien City, Taiwan",5.8,8.0,https://earthquake.usgs.gov/earthquakes/eventpage/us7000mduw
2024-04-22 21:13:40.535,"36 km S of Hualien City, Taiwan",5.1,10.0,https://earthquake.usgs.gov/earthquakes/eventpage/us7000mdup
2024-04-22 20:22:49.933,"178 km NNE of Colonia, Micronesia",5.4,10.0,https://earthquake.usgs.gov/earthquakes/eventpage/us7000mduf
2024-04-22 19:45:35.666,"34 km S of Hualien City, Taiwan",5.1,10.0,https://earthquake.usgs.gov/earthquakes/eventpage/us7000mduc
2024-04-22 19:44:00.447,"27 km S of Hualien City, Taiwan",5.0,21.887,https://earthquake.usgs.gov/earthquakes/eventpage/us6000muxx
2024-04-22 19:40:13.386,"171 km NNE of Colonia, Micronesia",5.2,10.0,https://earthquake.usgs.gov/earthquakes/eventpage/us7000mdu9
2024-04-22 19:34:37.074,"41 km S of Hualien City, Taiwan",5.2,10.0,https://earthquake.usgs.gov/earthquakes/eventpage/us6000muy1
2024-04-22 19:25:56.268,"35 km S of Hualien City, Taiwan",5.0,10.0,https://earthquake.usgs.gov/earthquakes/eventpage/us6000muxz
2024-04-22 19:13:11.313,"26 km S of Hualien City, Taiwan",5.1,10.0,https://earthquake.usgs.gov/earthquakes/eventpage/us7000mdtl
2024-04-22 19:11:33.022,"101 km SSW of Trenggalek, Indonesia",5.3,35.0,https://earthquake.usgs.gov/earthquakes/eventpage/us7000mdtn
2024-04-22 19:10:48.733,"107 km SSW of Trenggalek, Indonesia",5.1,54.28,https://earthquake.usgs.gov/earthquakes/eventpage/us7000mdtk
2024-04-22 18:50:30.590,"30 km S of Hualien City, Taiwan",5.6,10.0,https://earthquake.usgs.gov/earthquakes/eventpage/us7000mdti
2024-04-22 18:49:06.722,"28 km S of Hualien City, Taiwan",5.0,10.0,https://earthquake.usgs.gov/earthquakes/eventpage/us6000muy0
2024-04-22 18:46:21.461,"39 km S of Hualien City, Taiwan",5.3,10.0,https://earthquake.usgs.gov/earthquakes/eventpage/us7000mdtc
2024-04-22 17:16:01.385,"23 km SW of Hualien City, Taiwan",5.2,27.828,https://earthquake.usgs.gov/earthquakes/eventpage/us7000mdt0
2024-04-22 17:12:10.590,"19 km SSW of Hualien City, Taiwan",5.1,10.0,https://earthquake.usgs.gov/earthquakes/eventpage/us7000mdt2
2024-04-22 17:08:39.851,"31 km S of Hualien City, Taiwan",5.2,16.265,https://earthquake.usgs.gov/earthquakes/eventpage/us7000mdsw
2024-04-22 03:05:14.633,"142 km SSW of Emiliano Zapata, Mexico",5.4,10.0,https://earthquake.usgs.gov/earthquakes/eventpage/us7000mdpx
2024-04-21 19:59:16.820,Kermadec Islands region,5.1,46.324,https://earthquake.usgs.gov/earthquakes/eventpage/us7000mdn0
2024-04-21 14:37:19.558,"119 km WNW of Höfn, Iceland",5.3,10.0,https://earthquake.usgs.gov/earthquakes/eventpage/us7000mdlk
2024-04-21 10:40:55.589,"56 km S of Hualien City, Taiwan",5.1,28.583,https://earthquake.usgs.gov/earthquakes/eventpage/us7000mdkn
2024-04-20 11:42:24.412,"207 km NNW of Saipan, Northern Mariana Islands",5.0,489.707,https://earthquake.usgs.gov/earthquakes/eventpage/us7000mde4
2024-04-19 19:00:39.955,central Mid-Atlantic Ridge,5.4,10.0,https://earthquake.usgs.gov/earthquakes/eventpage/us7000md43
2024-04-19 17:18:00.874,southeast of the Loyalty Islands,5.7,87.0,https://earthquake.usgs.gov/earthquakes/eventpage/us7000md3k
2024-04-19 10:23:16.270,south of the Fiji Islands,5.2,10.0,https://earthquake.usgs.gov/earthquakes/eventpage/us7000md1y
2024-04-19 01:40:02.062,western Xizang,5.1,10.0,https://earthquake.usgs.gov/earthquakes/eventpage/us7000mczb
2024-04-18 23:12:30.391,"64 km ESE of Loreto, Mexico",5.6,10.0,https://earthquake.usgs.gov/earthquakes/eventpage/us7000mcxe
2024-04-18 23:11:25.596,"11 km W of Sulusaray, Turkey",5.6,16.0,https://earthquake.usgs.gov/earthquakes/eventpage/us7000mcxc
2024-04-18 17:29:11.969,"Volcano Islands, Japan region",5.4,62.0,https://earthquake.usgs.gov/earthquakes/eventpage/us7000mcul
2024-04-18 16:26:13.393,southern Mid-Atlantic Ridge,5.2,10.0,https://earthquake.usgs.gov/earthquakes/eventpage/us7000mcua
2024-04-18 15:39:39.658,"84 km ENE of Loreto, Mexico",5.2,10.0,https://earthquake.usgs.gov/earthquakes/eventpage/us7000mcu3
2024-04-18 14:06:04.909,"204 km WSW of Port McNeill, Canada",5.1,10.0,https://earthquake.usgs.gov/earthquakes/eventpage/us7000mctr
2024-04-18 05:31:47.788,"266 km W of Houma, Tonga",5.4,387.775,https://earthquake.usgs.gov/earthquakes/eventpage/us7000mcru
2024-04-18 05:21:54.614,"20 km ESE of Cárdenas, Nicaragua",5.5,154.0,https://earthquake.usgs.gov/earthquakes/eventpage/us7000mcrs
2024-04-17 22:14:46.694,"18 km W of Uwajima, Japan",6.3,32.0,https://earthquake.usgs.gov/earthquakes/eventpage/us7000mcpi
2024-04-17 16:04:42.182,Balleny Islands region,5.0,10.0,https://earthquake.usgs.gov/earthquakes/eventpage/us7000mcm3
2024-04-17 09:45:14.861,"86 km E of Loreto, Mexico",5.0,10.0,https://earthquake.usgs.gov/earthquakes/eventpage/us7000mckg
2024-04-17 07:01:24.137,"39 km SE of Port Blair, India",5.0,57.532,https://earthquake.usgs.gov/earthquakes/eventpage/us7000mcjj
2024-04-17 00:06:15.536,"17 km ESE of Union, Philippines",5.0,51.666,https://earthquake.usgs.gov/earthquakes/eventpage/us7000mcg7
2024-04-16 22:58:55.527,"83 km ESE of Inarajan Village, Guam",5.4,9.219,https://earthquake.usgs.gov/earthquakes/eventpage/us7000mcej
2024-04-16 15:56:40.597,"104 km ENE of Port-Olry, Vanuatu",5.0,10.0,https://earthquake.usgs.gov/earthquakes/eventpage/us7000mccx
2024-04-16 06:38:56.828,"147 km SE of Koshima, Japan",5.9,7.556,https://earthquake.usgs.gov/earthquakes/eventpage/us7000mcb1
2024-04-15 18:43:28.500,"106 km SSW of Kokopo, Papua New Guinea",5.4,71.991,https://earthquake.usgs.gov/earthquakes/eventpage/us7000mc5q
2024-04-15 04:56:28.201,"111 km ESE of Kimbe, Papua New Guinea",6.5,49.0,https://earthquake.usgs.gov/earthquakes/eventpage/us7000mc2t
2024-04-14 13:28:47.416,central Mid-Atlantic Ridge,5.3,10.0,https://earthquake.usgs.gov/earthquakes/eventpage/us7000mc01
2024-04-14 00:40:55.412,"161 km WNW of Tobelo, Indonesia",5.0,39.341,https://earthquake.usgs.gov/earthquakes/eventpage/us7000mbx7
2024-04-13 23:17:18.773,western Indian-Antarctic Ridge,5.0,10.0,https://earthquake.usgs.gov/earthquakes/eventpage/us7000mbwy
2024-04-13 18:47:02.842,"127 km NE of Hihifo, Tonga",5.4,10.0,https://earthquake.usgs.gov/earthquakes/eventpage/us7000mbw6
2024-04-13 14:53:44.360,southeast Indian Ridge,5.0,10.0,https://earthquake.usgs.gov/earthquakes/eventpage/us7000mbuy
2024-04-13 14:26:35.031,"157 km WNW of Tobelo, Indonesia",5.2,38.856,https://earthquake.usgs.gov/earthquakes/eventpage/us7000mbux
2024-04-13 13:44:39.593,western Xizang,5.5,10.0,https://earthquake.usgs.gov/earthquakes/eventpage/us7000mbuv
2024-04-12 23:59:15.269,"102 km WNW of Kirakira, Solomon Islands",5.8,20.0,https://earthquake.usgs.gov/earthquakes/eventpage/us7000mbqp
2024-04-12 17:00:17.560,"5 km ESE of Uken, Japan",5.0,53.889,https://earthquake.usgs.gov/earthquakes/eventpage/us7000mbm5
2024-04-12 01:34:06.488,"237 km SE of Sarangani, Philippines",5.0,45.378,https://earthquake.usgs.gov/earthquakes/eventpage/us7000mbh3
2024-04-11 11:33:57.207,"5 km NE of Bantacan, Philippines",5.2,10.0,https://earthquake.usgs.gov/earthquakes/eventpage/us7000mbbc
2024-04-11 08:47:07.145,Mid-Indian Ridge,5.0,10.0,https://earthquake.usgs.gov/earthquakes/eventpage/us7000md4x
2024-04-11 00:20:17.869,"42 km E of Sulat, Philippines",5.2,9.55,https://earthquake.usgs.gov/earthquakes/eventpage/us7000mb7s
2024-04-10 23:33:42.660,"60 km W of Patacamaya, Bolivia",5.0,203.694,https://earthquake.usgs.gov/earthquakes/eventpage/us7000mb79
2024-04-10 22:56:17.074,"34 km NW of Kuqa, China",5.4,8.0,https://earthquake.usgs.gov/earthquakes/eventpage/us7000mb76
2024-04-10 18:57:39.261,"46 km WNW of Kuqa, China",5.0,10.0,https://earthquake.usgs.gov/earthquakes/eventpage/us7000mb69
2024-04-10 15:57:42.427,Southwest Indian Ridge,5.1,10.0,https://earthquake.usgs.gov/earthquakes/eventpage/us7000mb5u
2024-04-09 22:07:05.932,"48 km WNW of Yongning, China",5.0,30.53,https://earthquake.usgs.gov/earthquakes/eventpage/us7000mazk
2024-04-09 17:47:59.810,"150 km NW of Tobelo, Indonesia",6.4,22.0,https://earthquake.usgs.gov/earthquakes/eventpage/us7000maxr
2024-04-09 08:04:05.827,"35 km ESE of Ransiki, Indonesia",5.5,10.0,https://earthquake.usgs.gov/earthquakes/eventpage/us7000mc4q
2024-04-09 08:02:52.078,"34 km SE of Ransiki, Indonesia",5.9,6.66,https://earthquake.usgs.gov/earthquakes/eventpage/us7000maw0
2024-04-09 04:58:02.763,"113 km ESE of Hihifo, Tonga",5.2,38.64,https://earthquake.usgs.gov/earthquakes/eventpage/us7000mav6
2024-04-08 11:10:17.316,"Kermadec Islands, New Zealand",5.1,109.823,https://earthquake.usgs.gov/earthquakes/eventpage/us7000maq4
2024-04-08 09:25:29.592,"6 km NNE of Nichinan, Japan",5.1,50.529,https://earthquake.usgs.gov/earthquakes/eventpage/us7000mapp
2024-04-08 04:47:58.649,"65 km WNW of Kuqa, China",5.0,10.0,https://earthquake.usgs.gov/earthquakes/eventpage/us7000manu
2024-04-08 01:49:32.447,"2 km S of Tenancingo, El Salvador",5.0,193.139,https://earthquake.usgs.gov/earthquakes/eventpage/us7000man5
2024-04-08 01:46:18.442,"192 km SW of Bandar Lampung, Indonesia",5.0,38.777,https://earthquake.usgs.gov/earthquakes/eventpage/us7000man4
2024-04-07 22:57:16.495,"49 km SSE of Dompu, Indonesia",5.0,10.0,https://earthquake.usgs.gov/earthquakes/eventpage/us7000mamb
2024-04-07 16:46:17.940,"58 km WNW of Kuqa, China",5.1,10.0,https://earthquake.usgs.gov/earthquakes/eventpage/us7000makt
2024-04-07 15:25:06.984,"36 km WSW of Kandrian, Papua New Guinea",5.1,47.071,https://earthquake.usgs.gov/earthquakes/eventpage/us7000make
2024-04-07 13:23:42.813,east of the South Sandwich Islands,5.4,10.0,https://earthquake.usgs.gov/earthquakes/eventpage/us7000majx
2024-04-07 10:38:38.496,"246 km E of Tadine, New Caledonia",5.0,19.63,https://earthquake.usgs.gov/earthquakes/eventpage/us7000maj2
2024-04-06 20:25:42.820,"22 km NNE of Ambunti, Papua New Guinea",5.0,63.264,https://earthquake.usgs.gov/earthquakes/eventpage/us7000mag1
2024-04-06 18:47:12.076,"15 km SE of Hualien City, Taiwan",5.2,29.453,https://earthquake.usgs.gov/earthquakes/eventpage/us7000mafi
2024-04-06 16:24:30.650,"251 km N of Agats, Indonesia",5.0,65.268,https://earthquake.usgs.gov/earthquakes/eventpage/us7000maep
2024-04-06 14:31:14.740,central East Pacific Rise,5.1,10.0,https://earthquake.usgs.gov/earthquakes/eventpage/us7000madp
2024-04-06 10:29:22.577,"30 km SW of Zhaotong, China",5.0,10.0,https://earthquake.usgs.gov/earthquakes/eventpage/us7000mack
2024-04-06 09:37:49.290,"57 km SE of Hualien City, Taiwan",5.0,10.0,https://earthquake.usgs.gov/earthquakes/eventpage/us7000mace
2024-04-06 08:12:17.749,"141 km S of Honchō, Japan",5.4,26.386,https://earthquake.usgs.gov/earthquakes/eventpage/us7000mac0
2024-04-06 04:32:13.197,"74 km NW of Neiafu, Tonga",5.6,114.688,https://earthquake.usgs.gov/earthquakes/eventpage/us7000maah
2024-04-05 20:45:38.655,"33 km NNE of Sarupathar, India",5.7,69.136,https://earthquake.usgs.gov/earthquakes/eventpage/us7000ma59
2024-04-05 19:03:16.357,"Maug Islands region, Northern Mariana Islands",6.8,222.0,https://earthquake.usgs.gov/earthquakes/eventpage/us7000ma2w
2024-04-05 17:01:55.258,"48 km WSW of El Palmarcito, Mexico",5.0,77.926,https://earthquake.usgs.gov/earthquakes/eventpage/us7000ma26
2024-04-05 12:50:51.121,"13 km NE of Hualien City, Taiwan",5.0,20.304,https://earthquake.usgs.gov/earthquakes/eventpage/us7000ma1f
2024-04-05 10:30:02.555,northern Mid-Atlantic Ridge,5.0,10.0,https://earthquake.usgs.gov/earthquakes/eventpage/us7000ma0r
2024-04-05 07:46:40.169,central Mid-Atlantic Ridge,5.1,10.0,https://earthquake.usgs.gov/earthquakes/eventpage/us7000m9zx
2024-04-05 07:37:28.670,central Mid-Atlantic Ridge,5.3,10.0,https://earthquake.usgs.gov/earthquakes/eventpage/us7000m9zr
2024-04-05 07:18:23.674,central Mid-Atlantic Ridge,5.0,10.0,https://earthquake.usgs.gov/earthquakes/eventpage/us7000m9zn
2024-04-05 04:31:49.325,"34 km SW of Urakawa, Japan",5.0,63.264,https://earthquake.usgs.gov/earthquakes/eventpage/us7000m9z0
2024-04-05 00:04:32.601,"33 km S of Padam, India",5.0,32.436,https://earthquake.usgs.gov/earthquakes/eventpage/us7000m9w5
2024-04-04 15:38:05.187,"56 km SW of Puerto El Triunfo, El Salvador",5.1,54.6,https://earthquake.usgs.gov/earthquakes/eventpage/us7000m9u3
2024-04-04 11:16:30.313,"77 km E of Minami-Sōma, Japan",6.1,29.0,https://earthquake.usgs.gov/earthquakes/eventpage/us7000m9sq
2024-04-04 08:39:38.283,"194 km ESE of Bingtuan Sanshiliu Tuan, China",5.1,10.0,https://earthquake.usgs.gov/earthquakes/eventpage/us7000m9rx
2024-04-04 08:19:52.287,south of the Kermadec Islands,5.0,10.0,https://earthquake.usgs.gov/earthquakes/eventpage/us7000m9rq
2024-04-03 21:51:56.776,"8 km ESE of Chiguayante, Chile",5.2,35.977,https://earthquake.usgs.gov/earthquakes/eventpage/us7000m9lk
2024-04-03 17:02:16.573,"111 km N of Paciran, Indonesia",5.1,10.0,https://earthquake.usgs.gov/earthquakes/eventpage/us7000m9ke
2024-04-03 12:51:22.460,"40 km ENE of Hinatuan, Philippines",5.1,67.064,https://earthquake.usgs.gov/earthquakes/eventpage/us7000m9j3
2024-04-03 11:32:22.685,"22 km NNW of Oxapampa, Peru",5.0,9.277,https://earthquake.usgs.gov/earthquakes/eventpage/us7000m9ie
2024-04-03 11:01:07.487,Mid-Indian Ridge,5.0,10.0,https://earthquake.usgs.gov/earthquakes/eventpage/us7000m9ia
2024-04-03 10:28:16.568,"30 km NE of Hualien City, Taiwan",5.1,13.194,https://earthquake.usgs.gov/earthquakes/eventpage/us7000m9ht
2024-04-03 10:23:27.076,"28 km N of Hualien City, Taiwan",5.0,35.749,https://earthquake.usgs.gov/earthquakes/eventpage/us7000mbf5
2024-04-03 10:14:36.488,"41 km NE of Hualien City, Taiwan",5.7,41.798,https://earthquake.usgs.gov/earthquakes/eventpage/us7000m9hp
2024-04-03 10:02:05.440,off the coast of Ecuador,5.1,10.0,https://earthquake.usgs.gov/earthquakes/eventpage/us7000m9hl
2024-04-03 09:53:57.455,"11 km SSW of Hualien City, Taiwan",5.1,22.545,https://earthquake.usgs.gov/earthquakes/eventpage/us7000m9hk
2024-04-03 09:49:38.775,"31 km ESE of Hualien City, Taiwan",5.1,10.0,https://earthquake.usgs.gov/earthquakes/eventpage/us7000m9hh
2024-04-03 09:39:47.928,"27 km SE of Hualien City, Taiwan",5.7,26.363,https://earthquake.usgs.gov/earthquakes/eventpage/us7000mbfv
2024-04-03 09:39:35.045,"28 km SE of Hualien City, Taiwan",5.3,16.869,https://earthquake.usgs.gov/earthquakes/eventpage/us7000m9h9
2024-04-03 09:19:31.837,"12 km SSE of Hualien City, Taiwan",5.1,6.723,https://earthquake.usgs.gov/earthquakes/eventpage/us7000mbey
2024-04-03 09:17:41.291,"6 km E of Hualien City, Taiwan",5.0,26.865,https://earthquake.usgs.gov/earthquakes/eventpage/us7000m9h7
2024-04-03 09:09:37.061,"27 km NE of Hualien City, Taiwan",5.2,10.0,https://earthquake.usgs.gov/earthquakes/eventpage/us7000m9h5
2024-04-03 09:01:12.630,"11 km NNW of Hualien City, Taiwan",5.0,20.884,https://earthquake.usgs.gov/earthquakes/eventpage/us7000mbeu
2024-04-03 08:50:46.898,"22 km S of Hualien City, Taiwan",5.2,27.179,https://earthquake.usgs.gov/earthquakes/eventpage/us7000m9gx
2024-04-03 08:46:44.732,"24 km NNE of Hualien City, Taiwan",5.6,14.297,https://earthquake.usgs.gov/earthquakes/eventpage/us7000m9gp
2024-04-03 08:43:55.100,"2 km NNW of Hualien City, Taiwan",5.3,10.789,https://earthquake.usgs.gov/earthquakes/eventpage/us7000m9gm
2024-04-03 08:35:36.982,"21 km NNE of Hualien City, Taiwan",5.6,15.864,https://earthquake.usgs.gov/earthquakes/eventpage/us7000m9gh
2024-04-03 08:31:12.301,"18 km E of Hualien City, Taiwan",5.0,23.2,https://earthquake.usgs.gov/earthquakes/eventpage/us7000mbfg
2024-04-03 08:17:37.240,"15 km ENE of Hualien City, Taiwan",5.2,38.611,https://earthquake.usgs.gov/earthquakes/eventpage/us7000mbfm
2024-04-03 08:17:16.083,"24 km E of Hualien City, Taiwan",5.1,35.0,https://earthquake.usgs.gov/earthquakes/eventpage/us7000mbhx
2024-04-03 08:11:25.266,"15 km NNE of Hualien City, Taiwan",6.4,13.931,https://earthquake.usgs.gov/earthquakes/eventpage/us7000m9gc
2024-04-03 08:09:31.012,"25 km NNE of Hualien City, Taiwan",5.0,32.25,https://earthquake.usgs.gov/earthquakes/eventpage/us7000mbhd
2024-04-03 08:05:01.965,"137 km ENE of Saipan, Northern Mariana Islands",5.3,10.0,https://earthquake.usgs.gov/earthquakes/eventpage/us7000mbhn
2024-04-03 07:58:12.173,"15 km S of Hualien City, Taiwan",7.4,40.0,https://earthquake.usgs.gov/earthquakes/eventpage/us7000m9g4
2024-04-03 06:16:44.681,"139 km ENE of Saipan, Northern Mariana Islands",5.2,10.0,https://earthquake.usgs.gov/earthquakes/eventpage/us7000m9fv
2024-04-02 17:54:08.569,"137 km ENE of Saipan, Northern Mariana Islands",6.2,10.0,https://earthquake.usgs.gov/earthquakes/eventpage/us7000m9bq
2024-04-02 03:24:36.670,"7 km SW of Kuji, Japan",5.9,73.0,https://earthquake.usgs.gov/earthquakes/eventpage/us7000m98g
2024-04-01 22:45:16.039,northern East Pacific Rise,5.3,10.0,https://earthquake.usgs.gov/earthquakes/eventpage/us7000m976
2024-04-01 09:39:05.248,"43 km W of Panguna, Papua New Guinea",5.1,163.637,https://earthquake.usgs.gov/earthquakes/eventpage/us7000m94s
2024-04-01 02:20:23.373,southeast of the Loyalty Islands,5.0,10.0,https://earthquake.usgs.gov/earthquakes/eventpage/us7000m93l
2024-04-01 01:01:51.297,Balleny Islands region,5.9,10.0,https://earthquake.usgs.gov/earthquakes/eventpage/us7000m936
2024-03-31 11:01:44.594,"163 km NNW of Houma, Tonga",5.5,10.0,https://earthquake.usgs.gov/earthquakes/eventpage/us7000m90u
2024-03-31 09:30:28.183,southeast of Easter Island,5.1,10.0,https://earthquake.usgs.gov/earthquakes/eventpage/us7000ma7r
2024-03-31 08:25:15.149,"42 km E of Rasht, Tajikistan",5.0,10.0,https://earthquake.usgs.gov/earthquakes/eventpage/us7000m90b
2024-03-31 06:55:52.655,"77 km W of Panguna, Papua New Guinea",5.1,77.27,https://earthquake.usgs.gov/earthquakes/eventpage/us7000m900
2024-03-31 01:35:49.670,"164 km W of Pangai, Tonga",5.2,10.0,https://earthquake.usgs.gov/earthquakes/eventpage/us7000m8z0
2024-03-31 00:44:25.049,"171 km NNW of Houma, Tonga",5.3,10.249,https://earthquake.usgs.gov/earthquakes/eventpage/us7000m8yl
2024-03-31 00:28:57.456,"Rat Islands, Aleutian Islands, Alaska",5.8,109.0,https://earthquake.usgs.gov/earthquakes/eventpage/us7000m8yd
2024-03-30 17:48:17.120,central East Pacific Rise,5.1,10.0,https://earthquake.usgs.gov/earthquakes/eventpage/us7000m8ww
2024-03-30 01:58:36.489,northern Mid-Atlantic Ridge,5.2,10.0,https://earthquake.usgs.gov/earthquakes/eventpage/us7000m8sn
2024-03-30 00:19:37.942,northern Mid-Atlantic Ridge,5.0,10.0,https://earthquake.usgs.gov/earthquakes/eventpage/us7000m8s7
2024-03-29 22:40:56.146,Kermadec Islands region,5.4,10.0,https://earthquake.usgs.gov/earthquakes/eventpage/us7000m8rg
2024-03-29 17:57:05.507,"125 km NNW of Kimbe, Papua New Guinea",5.6,570.902,https://earthquake.usgs.gov/earthquakes/eventpage/us7000m8qr
2024-03-29 15:12:48.063,"34 km WNW of Filiatrá, Greece",5.8,26.873,https://earthquake.usgs.gov/earthquakes/eventpage/us7000m8q9
2024-03-29 14:29:33.834,"103 km NNW of Port-Vila, Vanuatu",5.0,10.0,https://earthquake.usgs.gov/earthquakes/eventpage/us7000m8pz
2024-03-29 12:58:59.642,"258 km NE of Saipan, Northern Mariana Islands",5.0,41.584,https://earthquake.usgs.gov/earthquakes/eventpage/us7000m8pq
2024-03-29 10:02:42.608,"259 km NE of Saipan, Northern Mariana Islands",5.0,25.174,https://earthquake.usgs.gov/earthquakes/eventpage/us7000m8p1
2024-03-28 18:55:10.409,"58 km SW of Ashkāsham, Afghanistan",5.0,108.477,https://earthquake.usgs.gov/earthquakes/eventpage/us7000m8ib
2024-03-28 16:01:54.946,"138 km S of Bambanglipuro, Indonesia",5.0,59.247,https://earthquake.usgs.gov/earthquakes/eventpage/us7000m8hh
2024-03-28 12:05:15.500,"55 km NNE of Pucallpa, Peru",5.2,152.869,https://earthquake.usgs.gov/earthquakes/eventpage/us7000m8gh
2024-03-28 06:49:50.490,south of the Fiji Islands,5.0,475.748,https://earthquake.usgs.gov/earthquakes/eventpage/us7000m8f0
2024-03-27 22:16:13.291,"23 km NNE of Marechal Thaumaturgo, Brazil",5.0,10.0,https://earthquake.usgs.gov/earthquakes/eventpage/us7000m8au
2024-03-27 21:49:17.821,Vanuatu region,5.3,10.0,https://earthquake.usgs.gov/earthquakes/eventpage/us7000m8an
2024-03-27 11:23:02.962,"189 km WSW of Port Orford, Oregon",5.6,10.0,https://earthquake.usgs.gov/earthquakes/eventpage/us7000m875
2024-03-27 09:28:17.689,Vanuatu region,6.4,10.0,https://earthquake.usgs.gov/earthquakes/eventpage/us7000m86i
2024-03-27 01:49:35.453,"15 km SE of Madang, Papua New Guinea",5.1,69.756,https://earthquake.usgs.gov/earthquakes/eventpage/us7000m845
2024-03-26 21:14:08.949,north of Ascension Island,5.4,10.0,https://earthquake.usgs.gov/earthquakes/eventpage/us7000m82w
2024-03-26 17:37:15.185,"91 km S of Pangai, Tonga",5.3,14.482,https://earthquake.usgs.gov/earthquakes/eventpage/us7000m826
2024-03-26 01:00:02.616,Macquarie Island region,5.5,10.0,https://earthquake.usgs.gov/earthquakes/eventpage/us7000m7xz
2024-03-25 13:22:17.065,northern Mid-Atlantic Ridge,5.5,10.0,https://earthquake.usgs.gov/earthquakes/eventpage/us6000ml19
2024-03-25 10:36:41.521,"off the east coast of the Kamchatka Peninsula, Russia",5.2,10.0,https://earthquake.usgs.gov/earthquakes/eventpage/us6000ml0l
2024-03-25 10:21:44.441,"153 km SSW of Merizo Village, Guam",5.2,10.0,https://earthquake.usgs.gov/earthquakes/eventpage/us6000ml0j
2024-03-25 03:50:11.425,"33 km SSE of Cuya, Chile",5.0,79.08,https://earthquake.usgs.gov/earthquakes/eventpage/us6000mkzs
2024-03-24 19:53:57.200,"50 km NW of Bintuni, Indonesia",5.1,42.523,https://earthquake.usgs.gov/earthquakes/eventpage/us6000mkyp
2024-03-24 14:22:24.947,"11 km ESE of Marihatag, Philippines",5.2,59.621,https://earthquake.usgs.gov/earthquakes/eventpage/us6000mkxk
2024-03-24 11:26:40.249,"37 km ENE of Ambunti, Papua New Guinea",5.2,35.0,https://earthquake.usgs.gov/earthquakes/eventpage/us6000mkwv
2024-03-24 11:04:07.847,"85 km SE of Ende, Indonesia",5.7,62.174,https://earthquake.usgs.gov/earthquakes/eventpage/us6000mkvx
2024-03-24 08:30:54.143,"289 km SW of Gizo, Solomon Islands",5.1,10.0,https://earthquake.usgs.gov/earthquakes/eventpage/us6000mkvd
2024-03-24 06:49:58.468,"38 km ENE of Ambunti, Papua New Guinea",5.1,35.0,https://earthquake.usgs.gov/earthquakes/eventpage/us6000mkuz
2024-03-24 04:40:29.906,"55 km ENE of Ambunti, Papua New Guinea",5.0,35.0,https://earthquake.usgs.gov/earthquakes/eventpage/us6000mku5
2024-03-24 04:22:04.348,"36 km ENE of Ambunti, Papua New Guinea",6.9,41.464,https://earthquake.usgs.gov/earthquakes/eventpage/us6000mksx
2024-03-23 21:20:28.536,"82 km SW of Pagar Alam, Indonesia",5.3,62.692,https://earthquake.usgs.gov/earthquakes/eventpage/us6000mkqg
2024-03-22 16:52:58.999,"110 km N of Paciran, Indonesia",6.4,9.471,https://earthquake.usgs.gov/earthquakes/eventpage/us6000mkfz
2024-03-22 13:31:12.251,"107 km N of Paciran, Indonesia",5.2,10.0,https://earthquake.usgs.gov/earthquakes/eventpage/us6000mkf6
2024-03-22 12:22:45.531,"117 km N of Paciran, Indonesia",5.6,10.0,https://earthquake.usgs.gov/earthquakes/eventpage/us6000mkej
2024-03-22 11:47:04.011,"30 km ENE of Karakenja, Tajikistan",5.2,3.161,https://earthquake.usgs.gov/earthquakes/eventpage/us6000mkeg
2024-03-21 10:47:21.923,South Sandwich Islands region,5.2,43.89,https://earthquake.usgs.gov/earthquakes/eventpage/us6000mk65
2024-03-21 08:19:13.120,"175 km ESE of Biak, Indonesia",5.1,12.374,https://earthquake.usgs.gov/earthquakes/eventpage/us6000mk4w
2024-03-21 08:08:02.844,"1 km S of Kasukabe, Japan",5.2,45.002,https://earthquake.usgs.gov/earthquakes/eventpage/us6000mk4v
2024-03-21 03:50:55.757,Kermadec Islands region,5.3,441.673,https://earthquake.usgs.gov/earthquakes/eventpage/us6000mk3m
2024-03-20 16:24:57.931,"97 km E of Tuapejat, Indonesia",5.0,67.702,https://earthquake.usgs.gov/earthquakes/eventpage/us6000mjy1
2024-03-20 13:48:18.048,South Sandwich Islands region,5.6,89.0,https://earthquake.usgs.gov/earthquakes/eventpage/us6000mjx0
2024-03-20 05:27:01.034,"68 km WNW of Nushki, Pakistan",5.3,6.0,https://earthquake.usgs.gov/earthquakes/eventpage/us6000mjux
2024-03-20 02:07:02.532,Pacific-Antarctic Ridge,5.5,10.0,https://earthquake.usgs.gov/earthquakes/eventpage/us6000mk0i
2024-03-19 22:39:08.812,"39 km S of Kirakira, Solomon Islands",5.0,61.638,https://earthquake.usgs.gov/earthquakes/eventpage/us6000mjuc
2024-03-19 10:25:31.684,Kermadec Islands region,5.5,9.961,https://earthquake.usgs.gov/earthquakes/eventpage/us6000mjpw
2024-03-19 08:35:18.851,"64 km WNW of Nushki, Pakistan",5.5,8.0,https://earthquake.usgs.gov/earthquakes/eventpage/us6000mjpj
2024-03-18 19:04:41.113,"Volcano Islands, Japan region",5.3,35.0,https://earthquake.usgs.gov/earthquakes/eventpage/us6000mjkb
2024-03-18 08:18:03.554,"56 km N of Lae, Papua New Guinea",5.1,86.441,https://earthquake.usgs.gov/earthquakes/eventpage/us6000mjij
2024-03-17 19:10:16.687,"210 km SE of Lorengau, Papua New Guinea",5.3,10.0,https://earthquake.usgs.gov/earthquakes/eventpage/us6000mjfc
2024-03-17 14:03:55.541,"162 km N of Las Khorey, Somalia",5.2,10.0,https://earthquake.usgs.gov/earthquakes/eventpage/us6000mjed
2024-03-17 08:44:02.920,"45 km SSW of Jiquilillo, Nicaragua",5.6,48.0,https://earthquake.usgs.gov/earthquakes/eventpage/us6000mjct
2024-03-17 05:17:04.821,"44 km ESE of Tomioka, Japan",5.3,48.55,https://earthquake.usgs.gov/earthquakes/eventpage/us6000mjbp
2024-03-16 11:32:02.419,"134 km ENE of Kimbe, Papua New Guinea",5.3,10.0,https://earthquake.usgs.gov/earthquakes/eventpage/us6000mj83
2024-03-16 08:14:51.989,Macquarie Island region,5.9,10.0,https://earthquake.usgs.gov/earthquakes/eventpage/us6000mj77
2024-03-15 19:04:00.560,"46 km E of Tatsugō, Japan",5.0,15.778,https://earthquake.usgs.gov/earthquakes/eventpage/us6000mj1p
2024-03-15 18:32:50.046,"49 km E of Tatsugō, Japan",5.6,20.0,https://earthquake.usgs.gov/earthquakes/eventpage/us6000mj1l
2024-03-15 05:29:12.936,northern Mid-Atlantic Ridge,5.4,10.0,https://earthquake.usgs.gov/earthquakes/eventpage/us6000miya
2024-03-15 05:15:10.651,northern Mid-Atlantic Ridge,5.0,10.0,https://earthquake.usgs.gov/earthquakes/eventpage/us6000mjzk
2024-03-15 05:10:24.786,northern Mid-Atlantic Ridge,6.2,10.0,https://earthquake.usgs.gov/earthquakes/eventpage/us6000miy6
2024-03-15 04:00:06.954,northern Mid-Atlantic Ridge,5.2,10.0,https://earthquake.usgs.gov/earthquakes/eventpage/us6000mixv
2024-03-14 23:14:35.701,"21 km E of Iwaki, Japan",5.6,44.0,https://earthquake.usgs.gov/earthquakes/eventpage/us6000miuf
2024-03-14 11:06:47.754,"22 km ENE of Bileća, Bosnia and Herzegovina",5.4,16.067,https://earthquake.usgs.gov/earthquakes/eventpage/us6000mirj
2024-03-14 07:46:21.266,southeast Indian Ridge,5.0,10.0,https://earthquake.usgs.gov/earthquakes/eventpage/us6000mjtb
2024-03-14 06:10:34.219,"128 km WNW of Puerto, Chile",5.0,20.044,https://earthquake.usgs.gov/earthquakes/eventpage/us6000miqd
2024-03-14 04:06:34.414,western Indian-Antarctic Ridge,5.5,10.0,https://earthquake.usgs.gov/earthquakes/eventpage/us6000mipe
2024-03-14 03:06:06.206,"109 km SE of Modisi, Indonesia",5.0,42.886,https://earthquake.usgs.gov/earthquakes/eventpage/us6000minz
2024-03-14 02:56:14.833,"111 km SE of Modisi, Indonesia",5.7,39.0,https://earthquake.usgs.gov/earthquakes/eventpage/us6000minw
2024-03-14 00:39:21.786,Banda Sea,5.0,169.876,https://earthquake.usgs.gov/earthquakes/eventpage/us6000mimk
2024-03-13 23:13:22.779,"68 km ESE of Kimbe, Papua New Guinea",6.0,44.0,https://earthquake.usgs.gov/earthquakes/eventpage/us6000milg
2024-03-13 17:30:04.955,"84 km N of Camiña, Chile",5.3,108.901,https://earthquake.usgs.gov/earthquakes/eventpage/us6000mijr
2024-03-12 18:41:03.502,Chagos Archipelago region,5.0,10.0,https://earthquake.usgs.gov/earthquakes/eventpage/us7000m4ub
2024-03-12 11:42:32.387,"90 km WSW of San Antonio, Chile",5.1,13.89,https://earthquake.usgs.gov/earthquakes/eventpage/us7000m4sw
2024-03-12 11:10:29.000,"126 km NE of Hihifo, Tonga",5.0,10.0,https://earthquake.usgs.gov/earthquakes/eventpage/us7000m4ss
2024-03-11 11:47:16.887,"75 km WNW of Tamarindo, Costa Rica",5.0,16.18,https://earthquake.usgs.gov/earthquakes/eventpage/us7000m4m2
2024-03-11 04:33:55.388,west of Macquarie Island,5.0,10.0,https://earthquake.usgs.gov/earthquakes/eventpage/us7000m4kv
2024-03-10 20:35:08.680,"184 km ESE of Kimbe, Papua New Guinea",5.0,50.855,https://earthquake.usgs.gov/earthquakes/eventpage/us7000m4ja
2024-03-10 15:41:05.710,"132 km E of Neiafu, Tonga",5.0,10.0,https://earthquake.usgs.gov/earthquakes/eventpage/us7000m4id
2024-03-10 11:05:02.993,"277 km ENE of Lospalos, Timor Leste",5.0,88.58,https://earthquake.usgs.gov/earthquakes/eventpage/us7000m4hd
2024-03-09 20:01:09.046,"239 km E of Levuka, Fiji",5.4,592.972,https://earthquake.usgs.gov/earthquakes/eventpage/us7000m4e2
2024-03-09 01:21:55.604,south of the Fiji Islands,5.3,596.425,https://earthquake.usgs.gov/earthquakes/eventpage/us7000m486
2024-03-08 17:11:45.110,"103 km SE of Pondaguitan, Philippines",6.0,115.0,https://earthquake.usgs.gov/earthquakes/eventpage/us7000m439
2024-03-08 11:52:52.642,"80 km NE of Sanana, Indonesia",5.0,10.0,https://earthquake.usgs.gov/earthquakes/eventpage/us7000m42h
2024-03-07 18:09:15.384,"223 km NNE of Nagqu, China",5.0,10.0,https://earthquake.usgs.gov/earthquakes/eventpage/us7000m3ut
2024-03-07 18:06:30.797,"244 km NNE of Nagqu, China",5.6,10.0,https://earthquake.usgs.gov/earthquakes/eventpage/us7000m3ur
2024-03-07 16:20:10.597,"78 km SW of Tamarindo, Costa Rica",5.6,9.0,https://earthquake.usgs.gov/earthquakes/eventpage/us7000m3ud
2024-03-07 07:56:55.792,"178 km ENE of Tual, Indonesia",5.2,10.0,https://earthquake.usgs.gov/earthquakes/eventpage/us7000m3t3
2024-03-07 05:39:28.512,"64 km ENE of Kinablangan, Philippines",5.0,13.012,https://earthquake.usgs.gov/earthquakes/eventpage/us7000m3sh
2024-03-07 04:19:43.489,"47 km ENE of Kinablangan, Philippines",5.0,42.632,https://earthquake.usgs.gov/earthquakes/eventpage/us7000m3rt
2024-03-07 03:27:02.733,"30 km WSW of Lata, Solomon Islands",5.0,46.294,https://earthquake.usgs.gov/earthquakes/eventpage/us7000m3re
2024-03-07 01:17:26.991,"133 km NNE of Hihifo, Tonga",5.1,10.0,https://earthquake.usgs.gov/earthquakes/eventpage/us7000m3qr
2024-03-06 23:27:48.223,"206 km SE of Hihifo, Tonga",5.0,10.0,https://earthquake.usgs.gov/earthquakes/eventpage/us6000migh
2024-03-06 05:10:05.518,south of the Fiji Islands,5.1,542.094,https://earthquake.usgs.gov/earthquakes/eventpage/us7000m3kb
2024-03-06 03:52:52.612,Macquarie Island region,6.1,10.0,https://earthquake.usgs.gov/earthquakes/eventpage/us6000mgyj
2024-03-05 21:59:21.001,southern East Pacific Rise,5.1,10.0,https://earthquake.usgs.gov/earthquakes/eventpage/us7000m47e
2024-03-05 18:04:57.187,"57 km SE of Pangai, Tonga",5.3,30.433,https://earthquake.usgs.gov/earthquakes/eventpage/us6000mguh
2024-03-05 12:20:14.814,"60 km NNW of Fannūj, Iran",5.1,38.577,https://earthquake.usgs.gov/earthquakes/eventpage/us6000mgt8
2024-03-05 10:07:32.232,"240 km NNE of Nagqu, China",5.4,10.0,https://earthquake.usgs.gov/earthquakes/eventpage/us6000mgsv
2024-03-04 21:01:16.372,"192 km ENE of Neiafu, Tonga",5.0,10.0,https://earthquake.usgs.gov/earthquakes/eventpage/us7000m465
2024-03-04 10:48:21.113,"224 km S of Bengkulu, Indonesia",5.2,10.0,https://earthquake.usgs.gov/earthquakes/eventpage/us6000mgkc
2024-03-04 02:08:32.755,Southwest Indian Ridge,5.0,10.0,https://earthquake.usgs.gov/earthquakes/eventpage/us6000mghy
2024-03-04 00:16:53.995,Macquarie Island region,6.8,23.187,https://earthquake.usgs.gov/earthquakes/eventpage/us6000mghc
2024-03-03 23:56:32.656,Easter Island region,5.0,10.0,https://earthquake.usgs.gov/earthquakes/eventpage/us6000mgha
2024-03-03 23:07:43.246,"111 km SSW of Pagar Alam, Indonesia",5.1,63.387,https://earthquake.usgs.gov/earthquakes/eventpage/us6000mgh3
2024-03-03 10:01:06.220,south of the Kermadec Islands,5.0,10.0,https://earthquake.usgs.gov/earthquakes/eventpage/us6000mgdt
2024-03-03 07:14:46.152,south of the Kermadec Islands,5.2,10.0,https://earthquake.usgs.gov/earthquakes/eventpage/us6000mgdc
2024-03-02 20:38:29.921,South Sandwich Islands region,5.0,10.0,https://earthquake.usgs.gov/earthquakes/eventpage/us6000mgb3
2024-03-02 08:26:40.579,Fiji region,5.8,546.098,https://earthquake.usgs.gov/earthquakes/eventpage/us6000mg8a
2024-03-02 01:29:44.950,Owen Fracture Zone region,5.9,8.034,https://earthquake.usgs.gov/earthquakes/eventpage/us6000mg58
2024-03-01 17:29:02.868,"47 km E of Aras-asan, Philippines",5.4,42.374,https://earthquake.usgs.gov/earthquakes/eventpage/us6000mg1k
2024-03-01 15:06:36.257,"180 km ENE of Agats, Indonesia",5.2,10.0,https://earthquake.usgs.gov/earthquakes/eventpage/us6000mg0v
2024-03-01 04:43:16.110,"22 km E of Ichinomiya, Japan",5.1,23.083,https://earthquake.usgs.gov/earthquakes/eventpage/us6000mfxd
2024-02-29 20:16:07.429,"109 km WNW of Malango, Solomon Islands",5.0,10.0,https://earthquake.usgs.gov/earthquakes/eventpage/us6000mfta
2024-02-29 18:28:55.288,"251 km W of Crescent City, California",5.2,10.0,https://earthquake.usgs.gov/earthquakes/eventpage/us6000mft0
2024-02-29 17:22:19.798,"104 km SSW of Adak, Alaska",5.0,26.936,https://earthquake.usgs.gov/earthquakes/eventpage/us6000mfsl
2024-02-29 14:24:31.391,north of Severnaya Zemlya,5.2,10.0,https://earthquake.usgs.gov/earthquakes/eventpage/us6000mfs3
2024-02-29 08:23:58.202,"46 km E of Aras-asan, Philippines",5.4,18.0,https://earthquake.usgs.gov/earthquakes/eventpage/us6000mfqj
2024-02-29 08:10:12.174,"56 km E of Aras-asan, Philippines",5.1,14.569,https://earthquake.usgs.gov/earthquakes/eventpage/us6000mfqh
2024-02-28 23:50:21.854,"260 km W of Adak, Alaska",5.5,119.968,https://earthquake.usgs.gov/earthquakes/eventpage/us6000mflq
2024-02-28 13:56:11.907,Macquarie Island region,5.4,10.0,https://earthquake.usgs.gov/earthquakes/eventpage/us6000mfkb
2024-02-27 19:29:31.749,"39 km S of Kirakira, Solomon Islands",5.2,33.245,https://earthquake.usgs.gov/earthquakes/eventpage/us7000m1tz
2024-02-27 05:35:38.435,"12 km WNW of Puerto Morazán, Nicaragua",5.0,184.618,https://earthquake.usgs.gov/earthquakes/eventpage/us7000m1qy
2024-02-27 01:15:32.804,Owen Fracture Zone region,5.0,10.0,https://earthquake.usgs.gov/earthquakes/eventpage/us7000m1ng
2024-02-25 23:04:57.491,"77 km WSW of Pelabuhanratu, Indonesia",5.2,45.156,https://earthquake.usgs.gov/earthquakes/eventpage/us7000m1i9
2024-02-25 21:07:04.300,"79 km WSW of Pelabuhanratu, Indonesia",5.6,34.0,https://earthquake.usgs.gov/earthquakes/eventpage/us7000m1h8
2024-02-25 12:15:00.431,"130 km SSE of Kyzyl-Suu, Kyrgyzstan",5.4,10.0,https://earthquake.usgs.gov/earthquakes/eventpage/us7000m1fq
2024-02-25 07:29:42.139,"48 km SSE of Tari, Papua New Guinea",5.0,10.0,https://earthquake.usgs.gov/earthquakes/eventpage/us7000m1et
2024-02-25 05:57:41.904,"9 km W of El Realejo, Nicaragua",5.3,82.022,https://earthquake.usgs.gov/earthquakes/eventpage/us7000m1ea
2024-02-25 05:47:43.243,"10 km N of Port-Olry, Vanuatu",5.0,55.066,https://earthquake.usgs.gov/earthquakes/eventpage/us7000m1e8
2024-02-24 18:17:39.491,"136 km E of Yamada, Japan",5.0,10.0,https://earthquake.usgs.gov/earthquakes/eventpage/us7000m1b6
2024-02-24 15:34:33.177,"56 km NNW of Bandar Abbas, Iran",5.0,16.972,https://earthquake.usgs.gov/earthquakes/eventpage/us7000m1al
2024-02-24 08:51:21.349,"257 km NNE of Tobelo, Indonesia",5.2,10.0,https://earthquake.usgs.gov/earthquakes/eventpage/us7000m199
2024-02-24 07:10:43.909,"216 km SE of Kushimoto, Japan",5.3,404.065,https://earthquake.usgs.gov/earthquakes/eventpage/us7000m18g
2024-02-24 06:58:56.073,"131 km W of Aykol, China",5.0,10.0,https://earthquake.usgs.gov/earthquakes/eventpage/us7000m18e
2024-02-23 15:46:26.679,"158 km SSE of Teluk Dalam, Indonesia",5.3,19.996,https://earthquake.usgs.gov/earthquakes/eventpage/us7000m114
2024-02-23 15:32:34.410,"67 km NW of Fangale’ounga, Tonga",5.3,114.676,https://earthquake.usgs.gov/earthquakes/eventpage/us7000m10z
2024-02-23 09:51:13.973,southern East Pacific Rise,6.3,10.0,https://earthquake.usgs.gov/earthquakes/eventpage/us7000m0zq
2024-02-23 03:25:42.694,Kuril Islands,5.1,44.275,https://earthquake.usgs.gov/earthquakes/eventpage/us7000m0we
2024-02-22 12:16:20.266,"81 km WSW of Kokopo, Papua New Guinea",5.2,165.742,https://earthquake.usgs.gov/earthquakes/eventpage/us7000m0pv
2024-02-22 07:55:21.520,south of the Fiji Islands,5.1,10.0,https://earthquake.usgs.gov/earthquakes/eventpage/us7000m0p8
2024-02-22 06:46:57.363,"88 km N of Sumenep, Indonesia",5.1,606.447,https://earthquake.usgs.gov/earthquakes/eventpage/us7000m0n3
2024-02-22 03:03:36.356,South Sandwich Islands region,5.0,10.0,https://earthquake.usgs.gov/earthquakes/eventpage/us7000m0m3
2024-02-21 22:07:35.712,"165 km WNW of Houma, Tonga",5.4,290.557,https://earthquake.usgs.gov/earthquakes/eventpage/us7000m0jz
2024-02-21 20:11:31.245,"182 km NW of Lorengau, Papua New Guinea",5.5,10.0,https://earthquake.usgs.gov/earthquakes/eventpage/us7000m0jb
2024-02-21 12:31:44.982,south of the Fiji Islands,5.1,364.714,https://earthquake.usgs.gov/earthquakes/eventpage/us7000m0hp
2024-02-20 22:57:30.744,"84 km SSE of Yonakuni, Japan",5.0,21.152,https://earthquake.usgs.gov/earthquakes/eventpage/us7000m0cb
2024-02-20 18:58:10.471,"58 km E of Hami, China",5.1,10.0,https://earthquake.usgs.gov/earthquakes/eventpage/us7000m0bs
2024-02-20 07:26:19.685,"142 km ENE of Puerto Baquerizo Moreno, Ecuador",5.0,10.0,https://earthquake.usgs.gov/earthquakes/eventpage/us7000m096
2024-02-20 02:01:50.296,South Sandwich Islands region,5.1,20.92,https://earthquake.usgs.gov/earthquakes/eventpage/us7000m083
2024-02-20 00:23:23.470,"33 km SSW of Chimbote, Peru",5.0,76.295,https://earthquake.usgs.gov/earthquakes/eventpage/us7000m06g
2024-02-19 23:08:54.864,"290 km ENE of Lospalos, Timor Leste",5.0,144.671,https://earthquake.usgs.gov/earthquakes/eventpage/us7000m063
2024-02-19 16:51:15.592,"12 km NNW of Chazuta, Peru",5.1,104.647,https://earthquake.usgs.gov/earthquakes/eventpage/us7000m053
2024-02-19 16:47:40.771,"119 km ESE of Kokopo, Papua New Guinea",5.0,61.258,https://earthquake.usgs.gov/earthquakes/eventpage/us7000m051
2024-02-18 16:57:52.613,Pacific-Antarctic Ridge,5.1,10.0,https://earthquake.usgs.gov/earthquakes/eventpage/us7000m04j
2024-02-18 15:29:20.068,"88 km W of Hihifo, Tonga",5.6,222.062,https://earthquake.usgs.gov/earthquakes/eventpage/us7000lzz2
2024-02-18 14:06:54.422,"177 km WNW of Hihifo, Tonga",5.5,10.0,https://earthquake.usgs.gov/earthquakes/eventpage/us7000lzyu
2024-02-18 12:32:22.519,"131 km SE of Pangai, Tonga",5.1,10.0,https://earthquake.usgs.gov/earthquakes/eventpage/us7000lzyl
2024-02-17 04:47:29.448,"35 km SE of Port-Vila, Vanuatu",5.2,153.049,https://earthquake.usgs.gov/earthquakes/eventpage/us7000lzqy
2024-02-16 07:59:35.778,"100 km NNW of Coquimbo, Chile",5.0,9.519,https://earthquake.usgs.gov/earthquakes/eventpage/us7000lzib
2024-02-16 04:53:36.996,"13 km NW of Chancay, Peru",5.2,67.251,https://earthquake.usgs.gov/earthquakes/eventpage/us7000lzhj
2024-02-15 15:12:23.985,southeast Indian Ridge,5.0,10.0,https://earthquake.usgs.gov/earthquakes/eventpage/us7000lzck
2024-02-15 14:38:55.302,"68 km ENE of Loreto, Mexico",5.1,10.0,https://earthquake.usgs.gov/earthquakes/eventpage/us7000lzcc
2024-02-15 09:20:17.498,"184 km ENE of Neiafu, Tonga",5.1,10.0,https://earthquake.usgs.gov/earthquakes/eventpage/us7000lzam
2024-02-15 08:10:25.667,"158 km SE of Ust’-Kamchatsk Staryy, Russia",5.1,10.0,https://earthquake.usgs.gov/earthquakes/eventpage/us7000lza4
2024-02-15 07:26:55.142,Pacific-Antarctic Ridge,5.2,10.0,https://earthquake.usgs.gov/earthquakes/eventpage/us7000lz9s
2024-02-15 02:58:34.115,Vanuatu region,5.6,8.0,https://earthquake.usgs.gov/earthquakes/eventpage/us7000lz8a
2024-02-14 19:40:22.125,"171 km NNE of Colonia, Micronesia",6.0,14.0,https://earthquake.usgs.gov/earthquakes/eventpage/us7000lz5f
2024-02-14 14:53:58.474,"283 km SE of Kushimoto, Japan",5.2,372.322,https://earthquake.usgs.gov/earthquakes/eventpage/us7000lz3s
2024-02-14 12:42:28.005,South Sandwich Islands region,5.2,12.946,https://earthquake.usgs.gov/earthquakes/eventpage/us7000lz2w
2024-02-14 12:30:56.615,South Sandwich Islands region,5.7,23.0,https://earthquake.usgs.gov/earthquakes/eventpage/us7000lz2v
2024-02-14 09:31:41.819,"73 km WSW of Vallenar, Chile",5.8,28.0,https://earthquake.usgs.gov/earthquakes/eventpage/us7000lz23
2024-02-14 03:13:14.443,"64 km SE of Kokopo, Papua New Guinea",5.1,62.664,https://earthquake.usgs.gov/earthquakes/eventpage/us7000lyzm
2024-02-13 22:30:02.278,"215 km ENE of Georgetown, Saint Helena",5.0,13.152,https://earthquake.usgs.gov/earthquakes/eventpage/us7000lywv
2024-02-12 19:19:34.858,"Volcano Islands, Japan region",6.1,236.0,https://earthquake.usgs.gov/earthquakes/eventpage/us7000lym6
2024-02-12 14:10:46.512,"26 km NW of Isangel, Vanuatu",5.0,120.486,https://earthquake.usgs.gov/earthquakes/eventpage/us7000lyjy
2024-02-12 12:11:09.428,central Mid-Atlantic Ridge,5.4,10.0,https://earthquake.usgs.gov/earthquakes/eventpage/us7000lyjh
2024-02-12 11:43:09.946,central Mid-Atlantic Ridge,5.2,10.0,https://earthquake.usgs.gov/earthquakes/eventpage/us7000lyjc
2024-02-12 10:03:06.309,"64 km E of Union, Philippines",5.3,35.0,https://earthquake.usgs.gov/earthquakes/eventpage/us7000lyiz
2024-02-12 05:14:43.394,"63 km NW of Vallenar, Chile",5.4,33.936,https://earthquake.usgs.gov/earthquakes/eventpage/us7000lyi6
2024-02-10 13:21:35.429,"1 km NNW of Salvacion, Philippines",5.4,50.159,https://earthquake.usgs.gov/earthquakes/eventpage/us7000ly7s
2024-02-10 11:22:06.930,"8 km W of Esperanza, Philippines",5.8,32.0,https://earthquake.usgs.gov/earthquakes/eventpage/us7000ly6w
2024-02-10 06:17:04.649,"182 km SSW of Camaná, Peru",5.0,19.533,https://earthquake.usgs.gov/earthquakes/eventpage/us7000ly4u
2024-02-10 04:06:31.660,"2 km SW of Pāhala, Hawaii",5.68,36.99,https://earthquake.usgs.gov/earthquakes/eventpage/hv74103036
2024-02-09 18:57:48.482,"Kermadec Islands, New Zealand",6.1,13.0,https://earthquake.usgs.gov/earthquakes/eventpage/us7000lxyv
2024-02-09 06:35:59.158,"57 km E of Loreto, Mexico",5.0,5.867,https://earthquake.usgs.gov/earthquakes/eventpage/us7000lxvl
2024-02-09 05:29:14.887,central Mid-Atlantic Ridge,5.0,10.0,https://earthquake.usgs.gov/earthquakes/eventpage/us7000lxv1
2024-02-09 04:01:44.491,"62 km ENE of Loreto, Mexico",5.1,10.0,https://earthquake.usgs.gov/earthquakes/eventpage/us7000lxuk
2024-02-08 03:33:36.620,"171 km WSW of Fakfak, Indonesia",5.2,10.0,https://earthquake.usgs.gov/earthquakes/eventpage/us7000lxlh
2024-02-07 12:05:03.974,"16 km SW of Claveria, Philippines",5.4,44.0,https://earthquake.usgs.gov/earthquakes/eventpage/us7000lxgr
2024-02-07 10:57:04.102,"53 km ESE of Aras-asan, Philippines",5.0,80.855,https://earthquake.usgs.gov/earthquakes/eventpage/us7000lxgd
2024-02-07 10:44:57.369,"46 km E of Aras-asan, Philippines",5.0,65.508,https://earthquake.usgs.gov/earthquakes/eventpage/us7000lxgc
2024-02-07 10:42:02.148,"24 km ENE of Lata, Solomon Islands",5.0,206.692,https://earthquake.usgs.gov/earthquakes/eventpage/us7000lxga
2024-02-07 10:04:53.438,"46 km SW of La Libertad, El Salvador",5.0,65.871,https://earthquake.usgs.gov/earthquakes/eventpage/us7000lxg3
2024-02-06 22:37:56.409,"0 km W of Bacolod, Philippines",5.1,52.252,https://earthquake.usgs.gov/earthquakes/eventpage/us7000lxbl
2024-02-06 21:53:19.290,"47 km SW of La Libertad, El Salvador",5.1,66.084,https://earthquake.usgs.gov/earthquakes/eventpage/us7000lxb4
2024-02-06 17:01:20.398,West Chile Rise,5.0,10.0,https://earthquake.usgs.gov/earthquakes/eventpage/us7000lxa3
2024-02-06 03:04:08.975,"Volcano Islands, Japan region",5.1,184.339,https://earthquake.usgs.gov/earthquakes/eventpage/us7000lx5e
2024-02-05 22:39:37.204,Reykjanes Ridge,5.0,10.0,https://earthquake.usgs.gov/earthquakes/eventpage/us7000lx34
2024-02-05 21:53:33.584,Reykjanes Ridge,5.3,10.0,https://earthquake.usgs.gov/earthquakes/eventpage/us7000lx33
2024-02-05 21:53:14.479,Reykjanes Ridge,5.4,10.0,https://earthquake.usgs.gov/earthquakes/eventpage/us7000lx2q
2024-02-05 16:30:50.309,"43 km E of Nishinoomote, Japan",5.0,38.302,https://earthquake.usgs.gov/earthquakes/eventpage/us7000lx1f
2024-02-05 15:29:28.646,"292 km E of Vao, New Caledonia",5.0,10.0,https://earthquake.usgs.gov/earthquakes/eventpage/us7000ly0a
2024-02-05 15:26:31.613,"282 km E of Vao, New Caledonia",5.3,10.0,https://earthquake.usgs.gov/earthquakes/eventpage/us7000lx12
2024-02-05 08:52:22.869,"99 km E of Tuapejat, Indonesia",5.0,51.246,https://earthquake.usgs.gov/earthquakes/eventpage/us7000lx01
2024-02-04 17:50:42.910,"158 km SW of Merizo Village, Guam",5.4,39.0,https://earthquake.usgs.gov/earthquakes/eventpage/us7000lwwh
2024-02-04 12:46:18.514,"92 km NNW of Neiafu, Tonga",5.1,83.417,https://earthquake.usgs.gov/earthquakes/eventpage/us7000lwv9
2024-02-04 07:30:53.186,"83 km W of Santiago de Cao, Peru",5.2,35.029,https://earthquake.usgs.gov/earthquakes/eventpage/us7000lwu4
2024-02-03 21:50:37.015,"100 km NNW of Neiafu, Tonga",5.1,84.075,https://earthquake.usgs.gov/earthquakes/eventpage/us7000lwqp
2024-02-03 21:45:37.202,"159 km NNW of Sola, Vanuatu",5.1,232.365,https://earthquake.usgs.gov/earthquakes/eventpage/us7000lwqn
2024-02-03 16:25:09.304,"135 km WNW of Tobelo, Indonesia",5.0,35.893,https://earthquake.usgs.gov/earthquakes/eventpage/us7000lwpf
2024-02-03 13:24:28.269,"8 km NW of Prague, Oklahoma",5.06,3.0,https://earthquake.usgs.gov/earthquakes/eventpage/ok2024cish
2024-02-03 12:40:58.418,"235 km SSW of Yanglong, China",5.0,10.0,https://earthquake.usgs.gov/earthquakes/eventpage/us7000lwm5
2024-02-02 05:35:39.226,"51 km E of Barcelona, Philippines",5.1,62.522,https://earthquake.usgs.gov/earthquakes/eventpage/us7000lw1m
2024-02-02 02:14:40.757,"116 km NE of Hihifo, Tonga",5.0,10.0,https://earthquake.usgs.gov/earthquakes/eventpage/us7000lvzt
2024-02-01 15:45:38.911,"256 km SW of Merizo Village, Guam",5.0,10.0,https://earthquake.usgs.gov/earthquakes/eventpage/us7000lvqi
2024-01-31 18:49:35.461,"264 km SW of Houma, Tonga",5.8,176.0,https://earthquake.usgs.gov/earthquakes/eventpage/us7000lv7d
2024-01-31 02:05:27.752,"157 km NW of Ternate, Indonesia",5.0,41.461,https://earthquake.usgs.gov/earthquakes/eventpage/us7000lv28
2024-01-30 21:10:13.605,South Sandwich Islands region,5.1,102.026,https://earthquake.usgs.gov/earthquakes/eventpage/us7000luz7
2024-01-30 06:27:41.948,"128 km WNW of Aykol, China",5.7,10.0,https://earthquake.usgs.gov/earthquakes/eventpage/us7000luuy
2024-01-29 15:37:21.407,"116 km ENE of Barcelona, Philippines",5.1,10.0,https://earthquake.usgs.gov/earthquakes/eventpage/us7000lunx
2024-01-29 02:11:23.160,"48 km SW of Hualien City, Taiwan",5.1,7.2,https://earthquake.usgs.gov/earthquakes/eventpage/us7000lul3
2024-01-28 17:38:56.538,"70 km W of Tarauacá, Brazil",6.5,621.081,https://earthquake.usgs.gov/earthquakes/eventpage/us7000lui3
2024-01-28 07:59:29.184,"11 km W of Ichihara, Japan",5.1,70.051,https://earthquake.usgs.gov/earthquakes/eventpage/us7000lufj
2024-01-28 02:29:49.816,"102 km SSE of Sarangani, Philippines",5.0,163.893,https://earthquake.usgs.gov/earthquakes/eventpage/us7000ludp
2024-01-28 00:13:56.297,"156 km NE of Neiafu, Tonga",5.4,10.0,https://earthquake.usgs.gov/earthquakes/eventpage/us7000lud6
2024-01-27 17:33:17.652,"south of Java, Indonesia",5.4,10.0,https://earthquake.usgs.gov/earthquakes/eventpage/us7000lubv
2024-01-27 13:52:48.419,"15 km W of Taxisco, Guatemala",6.1,90.0,https://earthquake.usgs.gov/earthquakes/eventpage/us7000luai
2024-01-27 13:19:19.465,"4 km S of Özdere, Turkey",5.1,11.291,https://earthquake.usgs.gov/earthquakes/eventpage/us7000luac
2024-01-27 10:15:26.991,"138 km E of Madang, Papua New Guinea",5.4,227.678,https://earthquake.usgs.gov/earthquakes/eventpage/us7000lu9q
2024-01-27 09:36:45.009,"292 km NE of Fais, Micronesia",5.1,43.944,https://earthquake.usgs.gov/earthquakes/eventpage/us7000lu98
2024-01-26 20:46:16.087,"Izu Islands, Japan region",5.4,45.09,https://earthquake.usgs.gov/earthquakes/eventpage/us7000lu1f
2024-01-26 09:57:20.474,"91 km NNE of Lae, Papua New Guinea",5.1,94.358,https://earthquake.usgs.gov/earthquakes/eventpage/us7000ltvm
2024-01-26 07:01:02.114,north of Ascension Island,5.5,10.0,https://earthquake.usgs.gov/earthquakes/eventpage/us7000ltus
2024-01-26 04:01:27.370,"112 km WNW of Aykol, China",5.3,10.0,https://earthquake.usgs.gov/earthquakes/eventpage/us7000ltth
2024-01-26 02:58:12.789,"67 km SSW of Ollagüe, Chile",5.0,121.034,https://earthquake.usgs.gov/earthquakes/eventpage/us7000ltt2
2024-01-26 02:25:12.409,"98 km ESE of Kimbe, Papua New Guinea",5.0,21.238,https://earthquake.usgs.gov/earthquakes/eventpage/us7000ltsx
2024-01-26 01:00:43.411,"27 km SSE of Obock, Djibouti",5.4,10.0,https://earthquake.usgs.gov/earthquakes/eventpage/us7000lts5
2024-01-25 21:04:06.941,"19 km WNW of Sincik, Turkey",5.0,16.204,https://earthquake.usgs.gov/earthquakes/eventpage/us7000ltqd
2024-01-25 20:24:12.531,"89 km NW of Ende, Indonesia",5.6,21.643,https://earthquake.usgs.gov/earthquakes/eventpage/us7000ltpz
2024-01-25 06:21:48.970,"127 km W of Aykol, China",5.1,7.536,https://earthquake.usgs.gov/earthquakes/eventpage/us7000ltl0
2024-01-24 22:39:19.224,"155 km S of Vanimo, Papua New Guinea",5.0,67.683,https://earthquake.usgs.gov/earthquakes/eventpage/us7000lth2
2024-01-24 22:18:37.018,"25 km ESE of Dannevirke, New Zealand",5.1,10.0,https://earthquake.usgs.gov/earthquakes/eventpage/us7000ltgv
2024-01-24 21:49:23.071,"201 km S of Banjar, Indonesia",5.0,22.147,https://earthquake.usgs.gov/earthquakes/eventpage/us7000ltgs
2024-01-24 18:28:58.754,south of the Kermadec Islands,5.1,45.386,https://earthquake.usgs.gov/earthquakes/eventpage/us7000ltg1
2024-01-24 16:05:10.409,"41 km NE of Calama, Chile",5.3,113.11,https://earthquake.usgs.gov/earthquakes/eventpage/us7000ltf3
2024-01-24 14:27:18.261,"170 km S of ‘Ohonua, Tonga",5.0,10.0,https://earthquake.usgs.gov/earthquakes/eventpage/us7000ltec
2024-01-24 09:48:31.029,"31 km ENE of Loreto, Mexico",5.0,10.0,https://earthquake.usgs.gov/earthquakes/eventpage/us7000ltcx
2024-01-24 09:29:46.480,"299 km WSW of Tual, Indonesia",5.3,136.091,https://earthquake.usgs.gov/earthquakes/eventpage/us7000ltcl
2024-01-24 05:33:49.499,"66 km SSE of Akkeshi, Japan",5.1,33.702,https://earthquake.usgs.gov/earthquakes/eventpage/us7000ltaz
2024-01-24 04:38:13.026,"131 km W of Aykol, China",5.2,10.0,https://earthquake.usgs.gov/earthquakes/eventpage/us7000ltaj
2024-01-23 23:26:29.426,"25 km SSW of Port-Vila, Vanuatu",5.1,10.435,https://earthquake.usgs.gov/earthquakes/eventpage/us7000lu51
2024-01-23 23:22:26.387,"Volcano Islands, Japan region",5.0,144.706,https://earthquake.usgs.gov/earthquakes/eventpage/us7000lt7f
2024-01-23 22:33:45.022,"39 km SW of Port-Vila, Vanuatu",6.3,31.0,https://earthquake.usgs.gov/earthquakes/eventpage/us7000lt73
2024-01-23 12:02:41.437,southeast of Easter Island,5.4,10.0,https://earthquake.usgs.gov/earthquakes/eventpage/us7000lt48
2024-01-23 09:18:40.538,"119 km WNW of Aykol, China",5.3,3.426,https://earthquake.usgs.gov/earthquakes/eventpage/us7000lt2y
2024-01-23 07:19:25.792,"121 km WNW of Aykol, China",5.1,7.148,https://earthquake.usgs.gov/earthquakes/eventpage/us7000lt29
2024-01-23 06:30:11.367,"84 km WSW of Coquimbo, Chile",5.4,10.0,https://earthquake.usgs.gov/earthquakes/eventpage/us7000lt1x
2024-01-23 05:43:05.717,"122 km WNW of Aykol, China",5.2,10.0,https://earthquake.usgs.gov/earthquakes/eventpage/us7000lt1d
2024-01-23 03:36:47.834,"128 km WNW of Aykol, China",5.5,10.0,https://earthquake.usgs.gov/earthquakes/eventpage/us7000lt0j
2024-01-23 02:42:33.209,"124 km WNW of Aykol, China",5.4,10.0,https://earthquake.usgs.gov/earthquakes/eventpage/us7000lt02
2024-01-23 02:32:41.383,"137 km W of Aykol, China",5.0,10.0,https://earthquake.usgs.gov/earthquakes/eventpage/us7000lszy
2024-01-23 02:17:07.591,"131 km SSE of Kyzyl-Suu, Kyrgyzstan",5.3,10.0,https://earthquake.usgs.gov/earthquakes/eventpage/us7000lu3e
2024-01-23 02:14:16.160,"129 km SSE of Kyzyl-Suu, Kyrgyzstan",5.8,10.0,https://earthquake.usgs.gov/earthquakes/eventpage/us7000lt1i
2024-01-23 02:09:04.340,"128 km WNW of Aykol, China",7.0,13.0,https://earthquake.usgs.gov/earthquakes/eventpage/us7000lsze
2024-01-23 01:27:25.350,Carlsberg Ridge,5.4,10.0,https://earthquake.usgs.gov/earthquakes/eventpage/us7000lsz5
2024-01-22 22:20:31.728,"198 km WSW of Houma, Tonga",5.3,211.776,https://earthquake.usgs.gov/earthquakes/eventpage/us6000m5ev
2024-01-22 01:19:48.289,"6 km WNW of Cepitá, Colombia",5.0,154.112,https://earthquake.usgs.gov/earthquakes/eventpage/us6000m59q
2024-01-21 10:36:01.362,"100 km W of El Aguilar, Argentina",5.3,202.477,https://earthquake.usgs.gov/earthquakes/eventpage/us6000m56d
2024-01-21 06:09:39.708,Southwest Indian Ridge,6.2,10.0,https://earthquake.usgs.gov/earthquakes/eventpage/us6000m53t
2024-01-21 05:31:05.092,"123 km NW of Tarauacá, Brazil",6.6,607.0,https://earthquake.usgs.gov/earthquakes/eventpage/us6000m52p
2024-01-20 23:48:40.121,"Pagan region, Northern Mariana Islands",6.1,184.0,https://earthquake.usgs.gov/earthquakes/eventpage/us6000m50e
2024-01-20 13:20:14.543,southeast of the Loyalty Islands,5.3,10.0,https://earthquake.usgs.gov/earthquakes/eventpage/us6000m4xl
2024-01-20 12:54:04.253,South Sandwich Islands region,5.0,35.0,https://earthquake.usgs.gov/earthquakes/eventpage/us6000m4xb
2024-01-20 09:36:11.203,"287 km SSE of Port Blair, India",5.0,10.0,https://earthquake.usgs.gov/earthquakes/eventpage/us6000m4vw
2024-01-20 05:34:35.071,"4 km SW of Salcha, Alaska",5.3,10.5,https://earthquake.usgs.gov/earthquakes/eventpage/ak024vrx24o
2024-01-19 19:26:03.598,"7 km E of Cartago, Colombia",5.6,65.067,https://earthquake.usgs.gov/earthquakes/eventpage/us6000m4n2
2024-01-19 17:40:59.707,"144 km NNW of Antofagasta de la Sierra, Argentina",5.1,114.76,https://earthquake.usgs.gov/earthquakes/eventpage/us6000m4mv
2024-01-19 12:57:13.544,"80 km WNW of Sola, Vanuatu",5.5,32.0,https://earthquake.usgs.gov/earthquakes/eventpage/us6000m4lx
2024-01-19 06:12:21.755,"148 km NW of Fangale’ounga, Tonga",6.4,209.0,https://earthquake.usgs.gov/earthquakes/eventpage/us6000m4js
2024-01-19 00:13:35.293,"124 km NE of Hihifo, Tonga",5.0,10.0,https://earthquake.usgs.gov/earthquakes/eventpage/us6000m4fu
2024-01-18 20:46:11.570,South Sandwich Islands region,5.6,8.0,https://earthquake.usgs.gov/earthquakes/eventpage/us6000m4ej
2024-01-18 13:12:15.019,South Sandwich Islands region,5.3,56.894,https://earthquake.usgs.gov/earthquakes/eventpage/us6000m4d4
2024-01-18 12:50:01.458,"116 km WSW of Houma, Tonga",5.8,155.0,https://earthquake.usgs.gov/earthquakes/eventpage/us6000m4c9
2024-01-18 06:10:52.085,"175 km S of ‘Ohonua, Tonga",5.0,10.0,https://earthquake.usgs.gov/earthquakes/eventpage/us6000m4aw
2024-01-18 05:34:10.671,southeast central Pacific Ocean,5.0,10.0,https://earthquake.usgs.gov/earthquakes/eventpage/us6000m4af
2024-01-17 21:00:49.087,"219 km N of Saipan, Northern Mariana Islands",5.0,146.317,https://earthquake.usgs.gov/earthquakes/eventpage/us6000m46a
2024-01-17 20:32:01.191,"29 km NE of Hinatuan, Philippines",5.6,39.0,https://earthquake.usgs.gov/earthquakes/eventpage/us6000m45x
2024-01-16 05:56:59.176,"Kermadec Islands, New Zealand",5.2,32.759,https://earthquake.usgs.gov/earthquakes/eventpage/us6000m3uc
2024-01-16 01:30:26.555,Bouvet Island region,5.1,10.0,https://earthquake.usgs.gov/earthquakes/eventpage/us6000m3t9
2024-01-16 00:43:07.427,"106 km NNW of Isangel, Vanuatu",5.1,150.788,https://earthquake.usgs.gov/earthquakes/eventpage/us6000m3t5
2024-01-15 22:04:35.409,"120 km SSE of Sarangani, Philippines",5.0,88.75,https://earthquake.usgs.gov/earthquakes/eventpage/us6000m3sf
2024-01-15 20:52:26.490,"62 km NW of Kurumkan, Russia",5.2,10.0,https://earthquake.usgs.gov/earthquakes/eventpage/us6000m3sa
2024-01-15 13:17:38.249,"9 km NE of San Pedro de Atacama, Chile",5.0,99.92,https://earthquake.usgs.gov/earthquakes/eventpage/us6000m3pm
2024-01-15 08:50:53.163,"175 km S of ‘Ohonua, Tonga",5.0,10.0,https://earthquake.usgs.gov/earthquakes/eventpage/us6000m3ns
2024-01-14 09:08:13.509,"25 km WNW of Ollagüe, Chile",5.1,122.296,https://earthquake.usgs.gov/earthquakes/eventpage/us6000m3kd
2024-01-13 17:08:21.345,"153 km E of Kokopo, Papua New Guinea",5.2,49.052,https://earthquake.usgs.gov/earthquakes/eventpage/us6000m3hb
2024-01-13 06:32:14.165,"162 km SSW of ‘Ohonua, Tonga",5.4,10.0,https://earthquake.usgs.gov/earthquakes/eventpage/us6000m3e5
2024-01-12 21:00:48.614,"35 km SW of Quilca, Peru",5.3,65.305,https://earthquake.usgs.gov/earthquakes/eventpage/us6000m39t
2024-01-12 15:46:21.171,"69 km WNW of Port Alexander, Alaska",5.9,11.1,https://earthquake.usgs.gov/earthquakes/eventpage/ak024jyw3sk
2024-01-12 11:51:05.886,"81 km WSW of Palaióchora, Greece",5.0,28.748,https://earthquake.usgs.gov/earthquakes/eventpage/us6000m38i
2024-01-12 11:07:39.718,"Pagan region, Northern Mariana Islands",5.0,10.0,https://earthquake.usgs.gov/earthquakes/eventpage/us6000m38b
2024-01-12 10:05:04.693,"121 km ESE of Sarangani, Philippines",5.0,44.076,https://earthquake.usgs.gov/earthquakes/eventpage/us6000m387
2024-01-11 17:20:26.337,"45 km SSW of Jurm, Afghanistan",6.4,204.0,https://earthquake.usgs.gov/earthquakes/eventpage/us6000m31m
2024-01-11 12:54:31.447,South Pacific Ocean,5.2,10.0,https://earthquake.usgs.gov/earthquakes/eventpage/us6000m30y
2024-01-11 07:54:46.124,"32 km ENE of Moyobamba, Peru",5.0,120.742,https://earthquake.usgs.gov/earthquakes/eventpage/us6000m2zs
2024-01-11 06:44:39.195,Mariana Islands region,5.0,10.0,https://earthquake.usgs.gov/earthquakes/eventpage/us6000m2z8
2024-01-10 10:29:02.702,southern Mid-Atlantic Ridge,5.0,10.0,https://earthquake.usgs.gov/earthquakes/eventpage/us6000m2vd
2024-01-10 00:47:25.900,"128 km SE of Ollagüe, Chile",5.4,175.245,https://earthquake.usgs.gov/earthquakes/eventpage/us6000m2sb
2024-01-09 16:59:10.141,"53 km WSW of Sado, Japan",5.9,10.0,https://earthquake.usgs.gov/earthquakes/eventpage/us6000m2ny
2024-01-09 15:53:21.240,"134 km SE of Pangai, Tonga",5.6,10.0,https://earthquake.usgs.gov/earthquakes/eventpage/us6000m2nr
2024-01-09 12:45:06.777,"148 km WSW of Teluk Dalam, Indonesia",5.1,10.0,https://earthquake.usgs.gov/earthquakes/eventpage/us6000m2n7
2024-01-09 10:54:57.043,"32 km WSW of Sola, Vanuatu",5.2,199.672,https://earthquake.usgs.gov/earthquakes/eventpage/us6000m2mr
2024-01-09 04:48:42.361,"93 km SE of Sarangani, Philippines",6.7,62.574,https://earthquake.usgs.gov/earthquakes/eventpage/us6000m2jp
2024-01-08 17:51:30.178,"29 km SSE of Tuapejat, Indonesia",5.2,17.148,https://earthquake.usgs.gov/earthquakes/eventpage/us6000m2fs
2024-01-08 15:39:50.400,"Maug Islands region, Northern Mariana Islands",5.0,10.0,https://earthquake.usgs.gov/earthquakes/eventpage/us6000m2fk
2024-01-08 05:41:05.926,"77 km ESE of Fangale’ounga, Tonga",5.1,10.0,https://earthquake.usgs.gov/earthquakes/eventpage/us6000m2di
2024-01-08 04:00:07.311,Balleny Islands region,5.5,10.0,https://earthquake.usgs.gov/earthquakes/eventpage/us6000m2d7
2024-01-08 02:06:11.273,Balleny Islands region,5.6,10.0,https://earthquake.usgs.gov/earthquakes/eventpage/us6000m2cv
2024-01-07 16:35:32.422,"84 km WSW of Curahuara de Carangas, Bolivia",5.3,142.52,https://earthquake.usgs.gov/earthquakes/eventpage/us6000m2bf
2024-01-07 14:58:16.209,"211 km SW of Merizo Village, Guam",5.0,10.0,https://earthquake.usgs.gov/earthquakes/eventpage/us6000m2b9
2024-01-06 20:33:02.528,southern East Pacific Rise,5.5,10.0,https://earthquake.usgs.gov/earthquakes/eventpage/us6000m27f
2024-01-06 19:46:31.666,Carlsberg Ridge,5.6,10.0,https://earthquake.usgs.gov/earthquakes/eventpage/us6000m26y
2024-01-06 04:26:51.093,"6 km W of Anamizu, Japan",5.1,10.0,https://earthquake.usgs.gov/earthquakes/eventpage/us6000m22x
2024-01-05 11:16:52.349,western Indian-Antarctic Ridge,5.1,10.0,https://earthquake.usgs.gov/earthquakes/eventpage/us6000m1wi
2024-01-04 12:56:37.532,"125 km W of Houma, Tonga",5.7,197.0,https://earthquake.usgs.gov/earthquakes/eventpage/us6000m1ld
2024-01-04 08:43:16.914,Banda Sea,5.0,137.491,https://earthquake.usgs.gov/earthquakes/eventpage/us6000m1kk
2024-01-04 05:12:54.145,"Maug Islands region, Northern Mariana Islands",5.0,10.0,https://earthquake.usgs.gov/earthquakes/eventpage/us6000m1j9
2024-01-04 02:07:13.613,south of Africa,5.1,10.0,https://earthquake.usgs.gov/earthquakes/eventpage/us6000m1hf
2024-01-03 16:04:04.468,"68 km WNW of Vinchina, Argentina",5.5,117.0,https://earthquake.usgs.gov/earthquakes/eventpage/us6000m1cg
2024-01-03 09:54:34.243,"12 km N of Anamizu, Japan",5.3,10.0,https://earthquake.usgs.gov/earthquakes/eventpage/us6000m1bj
2024-01-03 09:43:15.915,"36 km SSE of Madang, Papua New Guinea",5.2,61.922,https://earthquake.usgs.gov/earthquakes/eventpage/us6000m1bg
2024-01-03 09:11:31.461,"22 km E of Hinatuan, Philippines",5.0,76.597,https://earthquake.usgs.gov/earthquakes/eventpage/us6000m1b7
2024-01-03 06:57:00.970,"97 km W of El Aguilar, Argentina",5.0,188.635,https://earthquake.usgs.gov/earthquakes/eventpage/us6000m1ae
2024-01-03 03:59:31.888,"27 km WSW of Calongbuyan, Philippines",5.0,47.706,https://earthquake.usgs.gov/earthquakes/eventpage/us6000m18z
2024-01-02 09:17:31.568,"11 km W of Anamizu, Japan",5.4,6.0,https://earthquake.usgs.gov/earthquakes/eventpage/us6000m12f
2024-01-01 17:45:26.217,"73 km WSW of Sado, Japan",5.1,10.0,https://earthquake.usgs.gov/earthquakes/eventpage/us6000m0yg
2024-01-01 17:39:59.811,"23 km WSW of Anamizu, Japan",5.0,10.0,https://earthquake.usgs.gov/earthquakes/eventpage/us6000m0yf
2024-01-01 17:30:21.401,"50 km NE of Anamizu, Japan",5.2,10.0,https://earthquake.usgs.gov/earthquakes/eventpage/us6000m0ye
2024-01-01 17:08:17.603,"54 km NE of Anamizu, Japan",5.6,10.0,https://earthquake.usgs.gov/earthquakes/eventpage/us6000m0ya
2024-01-01 17:03:48.859,"56 km NE of Anamizu, Japan",5.5,10.0,https://earthquake.usgs.gov/earthquakes/eventpage/us6000m0y9
2024-01-01 16:07:10.627,"26 km WSW of Anamizu, Japan",5.1,10.0,https://earthquake.usgs.gov/earthquakes/eventpage/us6000m0xw
2024-01-01 16:02:44.840,"56 km NE of Anamizu, Japan",5.0,10.0,https://earthquake.usgs.gov/earthquakes/eventpage/us6000m0xu
2024-01-01 15:56:47.661,"7 km N of Anamizu, Japan",5.6,10.0,https://earthquake.usgs.gov/earthquakes/eventpage/us6000m0xt
2024-01-01 15:52:43.251,"94 km SE of Gorontalo, Indonesia",5.3,81.212,https://earthquake.usgs.gov/earthquakes/eventpage/us6000m0xq
2024-01-01 15:39:49.268,"56 km ENE of Anamizu, Japan",5.2,10.0,https://earthquake.usgs.gov/earthquakes/eventpage/us6000m0xn
2024-01-01 15:18:41.584,"8 km SW of Anamizu, Japan",6.2,10.0,https://earthquake.usgs.gov/earthquakes/eventpage/us6000m0xm
2024-01-01 15:10:09.476,"2024 Noto Peninsula, Japan Earthquake",7.5,10.0,https://earthquake.usgs.gov/earthquakes/eventpage/us6000m0xl
2024-01-01 15:06:05.477,"42 km NE of Anamizu, Japan",5.8,10.0,https://earthquake.usgs.gov/earthquakes/eventpage/us6000m0xj
